;Date;Open;High;Low;Close;Adj Close;Volume;Symbol
0;1/1/2015;272.421;272.421;268.977;269.905;269.905;770693.0;BTC-USD
1;1/2/2015;269.743;269.924;266.385;266.736;266.736;855392.0;BTC-USD
2;1/3/2015;266.646;266.646;213.316;213.316;213.316;5193080.0;BTC-USD
3;1/4/2015;211.022;215.446;191.241;195.668;195.668;3888140.0;BTC-USD
4;1/5/2015;195.803;216.048;195.803;208.218;208.218;10649500.0;BTC-USD
5;1/6/2015;208.434;211.824;204.454;211.212;211.212;3242950.0;BTC-USD
6;1/7/2015;21.181;214.987;208.114;211.818;211.818;3388950.0;BTC-USD
7;1/8/2015;211.561;21.235;200.185;200.807;200.807;2924520.0;BTC-USD
8;1/9/2015;201.002;201.129;195.863;198.336;198.336;1951160.0;BTC-USD
9;1/10/2015;196.999;198.034;162.186;165.332;165.332;2911190.0;BTC-USD
10;1/11/2015;16.536;187.821;164.399;172.456;172.456;2581500.0;BTC-USD
11;1/12/2015;171.768;17.942;169.676;171.423;171.423;1738370.0;BTC-USD
12;1/13/2015;17.102;171.914;153.346;154.112;154.112;4039950.0;BTC-USD
13;1/14/2015;154.961;158.267;111.374;115.701;115.701;4721280.0;BTC-USD
14;1/15/2015;115.324;137.658;115.254;128.277;128.277;3487080.0;BTC-USD
15;1/16/2015;127.719;147.278;127.169;140.227;140.227;2669280.0;BTC-USD
16;1/17/2015;13.978;140.362;125.219;129.341;129.341;1514960.0;BTC-USD
17;1/18/2015;129.603;137.228;123.336;133.333;133.333;1694820.0;BTC-USD
18;1/19/2015;132.857;13.593;130.638;134.178;134.178;728641.0;BTC-USD
19;1/20/2015;134.099;134.481;129.964;132.355;132.355;1069660.0;BTC-USD
20;1/21/2015;13.239;137.417;131.821;137.331;137.331;1191370.0;BTC-USD
21;1/22/2015;137.427;145.388;137.427;141.875;141.875;1660700.0;BTC-USD
22;1/23/2015;141.231;143.016;138.068;142.595;142.595;1267530.0;BTC-USD
23;1/24/2015;143.068;188.701;141.913;18.438;18.438;4858920.0;BTC-USD
24;1/25/2015;184.205;237.495;18.395;22.483;22.483;9178540.0;BTC-USD
25;1/26/2015;224.549;238.536;20.607;208.105;208.105;8803090.0;BTC-USD
26;1/27/2015;207.418;213.702;186.954;208.608;208.608;4502690.0;BTC-USD
27;1/28/2015;209.127;213.484;180.943;187.202;187.202;3295480.0;BTC-USD
28;1/29/2015;187.663;194.891;183.267;191.567;191.567;2191570.0;BTC-USD
29;1/30/2015;191.446;198.438;189.064;189.763;189.763;1805110.0;BTC-USD
30;1/31/2015;189.613;193.992;187.051;18.735;18.735;1205140.0;BTC-USD
31;2/1/2015;187.878;188.098;167.915;180.352;180.352;2661610.0;BTC-USD
32;2/2/2015;181.281;188.245;174.792;187.618;187.618;1955370.0;BTC-USD
33;2/3/2015;187.418;19.376;180.809;182.176;182.176;2425490.0;BTC-USD
34;2/4/2015;182.085;183.888;175.758;179.235;179.235;3683490.0;BTC-USD
35;2/5/2015;179.474;181.016;17.302;174.123;174.123;4490700.0;BTC-USD
36;2/6/2015;174.033;182.746;174.019;175.941;175.941;2332680.0;BTC-USD
37;2/7/2015;175.956;179.174;174.269;178.172;178.172;1272440.0;BTC-USD
38;2/8/2015;178.679;181.365;175.809;178.359;178.359;793432.0;BTC-USD
39;2/9/2015;178.527;178.551;171.526;173.147;173.147;1412300.0;BTC-USD
40;2/10/2015;173.325;178.615;168.729;176.318;176.318;1943220.0;BTC-USD
41;2/11/2015;176.081;178.855;171.517;172.744;172.744;1202390.0;BTC-USD
42;2/12/2015;173.081;176.514;171.675;175.756;175.756;1073660.0;BTC-USD
43;2/13/2015;175.509;185.321;174.563;182.168;182.168;2417560.0;BTC-USD
44;2/14/2015;182.293;196.317;182.138;193.769;193.769;2967890.0;BTC-USD
45;2/15/2015;194.003;202.953;179.408;1.842;1.842;3678900.0;BTC-USD
46;2/16/2015;184.448;184.862;179.563;179.628;179.628;1766700.0;BTC-USD
47;2/17/2015;179.412;187.891;17.926;185.312;185.312;1824820.0;BTC-USD
48;2/18/2015;185.666;186.326;1.804;182.816;182.816;1504230.0;BTC-USD
49;2/19/2015;182.521;185.061;181.634;184.676;184.676;1117190.0;BTC-USD
50;2/20/2015;184.202;186.406;183.222;184.795;184.795;1430460.0;BTC-USD
51;2/21/2015;184.896;186.566;183.509;184.891;184.891;934224.0;BTC-USD
52;2/22/2015;184.988;186.636;178.515;17.962;17.962;1413400.0;BTC-USD
53;2/23/2015;180.305;182.299;178.092;182.041;182.041;1207240.0;BTC-USD
54;2/24/2015;181.356;183.569;180.436;182.932;182.932;941910.0;BTC-USD
55;2/25/2015;1.83;183.169;179.148;180.234;180.234;768342.0;BTC-USD
56;2/26/2015;18.081;181.254;17.932;181.013;181.013;917184.0;BTC-USD
57;2/27/2015;180.117;187.539;179.712;185.142;185.142;2360850.0;BTC-USD
58;2/28/2015;184.918;184.921;181.946;184.073;184.073;1026120.0;BTC-USD
59;3/1/2015;184.576;191.168;180.783;189.157;189.157;1697220.0;BTC-USD
60;3/2/2015;189.242;194.944;186.357;19.361;19.361;2442300.0;BTC-USD
61;3/3/2015;19.422;19.722;190.707;195.592;195.592;2818220.0;BTC-USD
62;3/4/2015;195.605;197.365;192.102;19.305;19.305;2444050.0;BTC-USD
63;3/5/2015;192.448;193.973;186.444;191.641;191.641;2042170.0;BTC-USD
64;3/6/2015;192.033;192.923;187.819;189.782;189.782;1718100.0;BTC-USD
65;3/7/2015;189.359;191.934;188.218;19.105;19.105;1176540.0;BTC-USD
66;3/8/2015;191.353;192.286;187.753;189.186;189.186;1281400.0;BTC-USD
67;3/9/2015;18.925;194.574;188.913;194.428;194.428;2713960.0;BTC-USD
68;3/10/2015;1.944;208.345;193.693;200.906;200.906;4023500.0;BTC-USD
69;3/11/2015;200.824;203.622;198.634;202.628;202.628;1945020.0;BTC-USD
70;3/12/2015;202.358;207.173;199.819;204.279;204.279;2153170.0;BTC-USD
71;3/13/2015;204.211;204.802;200.796;200.796;200.796;1702690.0;BTC-USD
72;3/14/2015;200.409;201.398;199.315;199.605;199.605;1524990.0;BTC-USD
73;3/15/2015;199.462;203.402;199.045;201.883;201.883;1035700.0;BTC-USD
74;3/16/2015;202.176;206.163;201.734;203.308;203.308;1307010.0;BTC-USD
75;3/17/2015;203.447;20.537;197.721;198.215;198.215;1493110.0;BTC-USD
76;3/18/2015;198.265;198.776;172.864;174.254;174.254;2976040.0;BTC-USD
77;3/19/2015;174.365;179.015;165.362;175.909;175.909;2925790.0;BTC-USD
78;3/20/2015;176.328;179.233;175.146;176.721;176.721;1015870.0;BTC-USD
79;3/21/2015;176.692;176.782;172.552;174.669;174.669;1025410.0;BTC-USD
80;3/22/2015;174.583;179.772;174.001;179.772;179.772;1072060.0;BTC-USD
81;3/23/2015;179.968;179.968;175.191;177.816;177.816;1257730.0;BTC-USD
82;3/24/2015;177.551;177.783;165.159;165.159;165.159;2014330.0;BTC-USD
83;3/25/2015;16.546;178.647;161.117;167.314;167.314;2189060.0;BTC-USD
84;3/26/2015;167.272;173.088;16.468;169.549;169.549;1655180.0;BTC-USD
85;3/27/2015;16.912;169.846;166.663;168.674;168.674;1109440.0;BTC-USD
86;3/28/2015;168.267;171.639;167.734;170.366;170.366;843595.0;BTC-USD
87;3/29/2015;170.459;170.619;164.351;165.568;165.568;1242080.0;BTC-USD
88;3/30/2015;165.646;168.405;164.363;166.958;166.958;1297260.0;BTC-USD
89;3/31/2015;166.961;167.999;164.223;16.526;16.526;1124990.0;BTC-USD
90;4/1/2015;165.103;167.728;163.036;166.463;166.463;1245880.0;BTC-USD
91;4/2/2015;166.689;169.287;165.958;167.781;167.781;1254970.0;BTC-USD
92;4/3/2015;167.682;170.446;167.502;169.851;169.851;1053650.0;BTC-USD
93;4/4/2015;169.983;170.437;167.366;168.785;168.785;794158.0;BTC-USD
94;4/5/2015;168.251;171.155;167.513;170.082;170.082;1012920.0;BTC-USD
95;4/6/2015;170.164;171.585;167.454;168.687;168.687;1077700.0;BTC-USD
96;4/7/2015;168.598;168.724;166.637;166.842;166.842;898271.0;BTC-USD
97;4/8/2015;166.827;167.662;161.802;16.275;16.275;1479550.0;BTC-USD
98;4/9/2015;161.959;16.313;155.001;158.594;158.594;1354130.0;BTC-USD
99;4/10/2015;158.526;159.109;151.592;152.704;152.704;1448110.0;BTC-USD
100;4/11/2015;152.283;153.768;1.439;145.911;145.911;1329260.0;BTC-USD
101;4/12/2015;145.879;148.723;145.469;146.247;146.247;724290.0;BTC-USD
102;4/13/2015;147.176;148.304;136.732;13.769;13.769;1316410.0;BTC-USD
103;4/14/2015;137.585;139.102;133.622;137.848;137.848;1669170.0;BTC-USD
104;4/15/2015;137.596;142.054;134.508;1.383;1.383;1230190.0;BTC-USD
105;4/16/2015;138.324;143.193;137.302;142.145;142.145;1098160.0;BTC-USD
106;4/17/2015;142.154;144.178;139.607;140.913;140.913;1127080.0;BTC-USD
107;4/18/2015;140.984;142.272;138.813;140.993;140.993;733823.0;BTC-USD
108;4/19/2015;140.987;142.595;137.942;138.917;138.917;984396.0;BTC-USD
109;4/20/2015;138.429;141.502;137.896;140.896;140.896;959972.0;BTC-USD
110;4/21/2015;14.081;143.396;139.687;142.388;142.388;1055230.0;BTC-USD
111;4/22/2015;14.322;147.248;142.139;145.419;145.419;1130670.0;BTC-USD
112;4/23/2015;145.531;146.304;144.215;146.175;146.175;727959.0;BTC-USD
113;4/24/2015;145.821;146.217;141.695;141.928;141.928;1008680.0;BTC-USD
114;4/25/2015;142.041;143.009;13.967;140.291;140.291;868387.0;BTC-USD
115;4/26/2015;13.995;140.261;130.402;132.117;132.117;1292150.0;BTC-USD
116;4/27/2015;132.185;139.635;132.185;138.348;138.348;1465060.0;BTC-USD
117;4/28/2015;138.264;138.634;135.215;136.402;136.402;1014190.0;BTC-USD
118;4/29/2015;136.257;136.815;134.949;136.132;136.132;1372440.0;BTC-USD
119;4/30/2015;136.098;145.457;135.812;143.984;143.984;2039930.0;BTC-USD
120;5/1/2015;144.285;144.847;14.065;140.659;140.659;1169670.0;BTC-USD
121;5/2/2015;140.725;1.426;140.189;142.153;142.153;807758.0;BTC-USD
122;5/3/2015;14.198;145.274;141.396;14.327;14.327;1673860.0;BTC-USD
123;5/4/2015;143.461;14.506;140.541;140.766;140.766;1462600.0;BTC-USD
124;5/5/2015;141.488;142.214;138.988;140.664;140.664;1229630.0;BTC-USD
125;5/6/2015;140.633;14.109;138.607;13.889;13.889;1100820.0;BTC-USD
126;5/7/2015;138.973;148.722;138.305;145.518;145.518;1742090.0;BTC-USD
127;5/8/2015;14.549;149.181;144.182;148.108;148.108;1444320.0;BTC-USD
128;5/9/2015;148.048;149.066;144.166;144.831;144.831;1323730.0;BTC-USD
129;5/10/2015;14.483;145.387;142.273;143.874;143.874;993855.0;BTC-USD
130;5/11/2015;143.852;145.286;143.191;143.733;143.733;826032.0;BTC-USD
131;5/12/2015;143.881;145.132;14.276;144.562;144.562;723296.0;BTC-USD
132;5/13/2015;144.381;148.309;144.381;145.142;145.142;1913000.0;BTC-USD
133;5/14/2015;145.004;145.799;143.729;144.777;144.777;1078360.0;BTC-USD
134;5/15/2015;144.784;145.626;144.698;145.429;145.429;691297.0;BTC-USD
135;5/16/2015;14.547;145.477;139.956;144.613;144.613;757344.0;BTC-USD
136;5/17/2015;144.647;145.895;144.635;145.414;145.414;481714.0;BTC-USD
137;5/18/2015;145.364;146.443;144.165;144.637;144.637;630744.0;BTC-USD
138;5/19/2015;144.678;145.608;144.325;145.319;145.319;516737.0;BTC-USD
139;5/20/2015;145.352;1.462;14.495;145.919;145.919;892369.0;BTC-USD
140;5/21/2015;146.075;148.433;145.597;147.806;147.806;1109240.0;BTC-USD
141;5/22/2015;147.949;187.511;147.922;18.323;18.323;5017600.0;BTC-USD
142;5/23/2015;18.313;190.414;177.192;178.646;178.646;2701800.0;BTC-USD
143;5/24/2015;178.738;18.391;178.723;183.117;183.117;1725070.0;BTC-USD
144;5/25/2015;183.341;184.417;178.762;180.332;180.332;1457180.0;BTC-USD
145;5/26/2015;18.027;181.731;179.254;181.731;181.731;1381530.0;BTC-USD
146;5/27/2015;181.612;187.039;18.107;184.502;184.502;1675280.0;BTC-USD
147;5/28/2015;1.847;185.597;182.909;184.075;184.075;1301610.0;BTC-USD
148;5/29/2015;18.406;184.415;181.398;183.135;183.135;1762870.0;BTC-USD
149;5/30/2015;183.017;183.819;180.806;181.312;181.312;1327450.0;BTC-USD
150;5/31/2015;181.209;181.374;162.958;163.708;163.708;2071950.0;BTC-USD
151;6/1/2015;163.856;167.766;159.339;161.601;161.601;1998470.0;BTC-USD
152;6/2/2015;161.608;167.572;160.637;166.997;166.997;1370450.0;BTC-USD
153;6/3/2015;16.705;170.264;166.145;168.718;168.718;1162310.0;BTC-USD
154;6/4/2015;168.667;168.909;166.373;166.835;166.835;1065250.0;BTC-USD
155;6/5/2015;166.929;177.234;16.654;176.057;176.057;1474750.0;BTC-USD
156;6/6/2015;176.106;178.495;175.082;175.981;175.981;1184500.0;BTC-USD
157;6/7/2015;17.585;177.311;171.926;173.053;173.053;1160830.0;BTC-USD
158;6/8/2015;173.182;179.946;172.855;178.646;178.646;1710280.0;BTC-USD
159;6/9/2015;178.491;180.303;178.262;179.582;179.582;1480430.0;BTC-USD
160;6/10/2015;179.665;179.686;174.773;175.924;175.924;1212820.0;BTC-USD
161;6/11/2015;175.915;179.968;175.766;179.216;179.216;1048480.0;BTC-USD
162;6/12/2015;17.896;181.068;178.838;180.219;180.219;963104.0;BTC-USD
163;6/13/2015;180.274;186.233;17.972;186.153;186.153;1470540.0;BTC-USD
164;6/14/2015;186.078;207.149;185.398;200.287;200.287;3128440.0;BTC-USD
165;6/15/2015;200.235;202.729;19.932;201.825;201.825;1895750.0;BTC-USD
166;6/16/2015;201.804;287.846;200.867;287.659;287.659;10053700.0;BTC-USD
167;6/17/2015;289.642;319.535;272.191;288.862;288.862;13038800.0;BTC-USD
168;6/18/2015;289.033;312.908;288.293;309.507;309.507;7435550.0;BTC-USD
169;6/19/2015;309.533;311.926;268.658;28.073;28.073;7275770.0;BTC-USD
170;6/20/2015;28.102;309.212;275.109;303.591;303.591;5729100.0;BTC-USD
171;6/21/2015;303.519;30.491;290.466;302.236;302.236;3196090.0;BTC-USD
172;6/22/2015;302.145;304.618;295.914;302.846;302.846;3039690.0;BTC-USD
173;6/23/2015;302.777;302.777;297.063;297.453;297.453;2332310.0;BTC-USD
174;6/24/2015;297.423;297.423;277.863;277.863;277.863;3317430.0;BTC-USD
175;6/25/2015;277.278;289.388;268.781;285.033;285.033;4221940.0;BTC-USD
176;6/26/2015;284.674;290.831;282.234;286.024;286.024;2100370.0;BTC-USD
177;6/27/2015;286.143;311.658;285.597;310.317;310.317;4570240.0;BTC-USD
178;6/28/2015;309.358;330.582;302.262;330.582;330.582;2837150.0;BTC-USD
179;6/29/2015;318.773;382.034;303.305;37.365;37.365;12726600.0;BTC-USD
180;6/30/2015;374.412;434.331;372.664;408.676;408.676;15390500.0;BTC-USD
181;7/1/2015;4.086;411.425;38.437;392.427;392.427;7113180.0;BTC-USD
182;7/2/2015;392.664;41.622;392.268;406.537;406.537;6288460.0;BTC-USD
183;7/3/2015;406.233;413.092;406.101;411.531;411.531;4281280.0;BTC-USD
184;7/4/2015;411.832;413.928;405.846;411.353;411.353;3939060.0;BTC-USD
185;7/5/2015;41.269;495.272;403.697;495.272;495.272;14069300.0;BTC-USD
186;7/6/2015;4.947;569.067;467.224;541.723;541.723;22969200.0;BTC-USD
187;7/7/2015;543.707;548.493;489.927;523.463;523.463;13570800.0;BTC-USD
188;7/8/2015;524.678;638.862;51.394;636.112;636.112;23234900.0;BTC-USD
189;7/9/2015;635.645;783.326;599.581;753.694;753.694;42419800.0;BTC-USD
190;7/10/2015;752.701;872.748;406.863;450.522;450.522;62612600.0;BTC-USD
191;7/11/2015;447.577;478.966;370.533;437.382;437.382;19647300.0;BTC-USD
192;7/12/2015;438.751;538.402;434.778;528.725;528.725;19203600.0;BTC-USD
193;7/13/2015;529.992;529.992;43.199;46.799;46.799;14296100.0;BTC-USD
194;7/14/2015;468.284;488.742;447.981;464.989;464.989;5418730.0;BTC-USD
195;7/15/2015;464.896;472.049;414.464;421.409;421.409;7539760.0;BTC-USD
196;7/16/2015;419.748;426.772;329.972;368.978;368.978;17295300.0;BTC-USD
197;7/17/2015;372.079;393.342;355.029;378.681;378.681;9454510.0;BTC-USD
198;7/18/2015;378.299;422.592;377.685;400.188;400.188;8471440.0;BTC-USD
199;7/19/2015;400.438;407.472;365.895;376.611;376.611;4693260.0;BTC-USD
200;7/20/2015;377.032;393.859;373.374;393.859;393.859;4242190.0;BTC-USD
201;7/21/2015;393.053;400.784;376.621;376.621;376.621;4431730.0;BTC-USD
202;7/22/2015;378.298;38.407;368.424;382.366;382.366;2892200.0;BTC-USD
203;7/23/2015;382.554;385.061;376.051;378.444;378.444;2177740.0;BTC-USD
204;7/24/2015;378.946;472.562;375.973;460.183;460.183;14874300.0;BTC-USD
205;7/25/2015;459.776;488.126;447.234;463.199;463.199;10288900.0;BTC-USD
206;7/26/2015;463.255;4.752;443.693;466.232;466.232;7946990.0;BTC-USD
207;7/27/2015;468.313;473.974;458.612;467.137;467.137;5164400.0;BTC-USD
208;7/28/2015;467.001;513.669;465.021;50.584;50.584;10629300.0;BTC-USD
209;7/29/2015;504.962;509.908;472.398;479.768;479.768;6609040.0;BTC-USD
210;7/30/2015;479.262;479.262;450.806;457.803;457.803;5420630.0;BTC-USD
211;7/31/2015;45.822;476.697;450.986;464.104;464.104;4640650.0;BTC-USD
212;8/1/2015;463.908;464.418;40.729;41.532;41.532;6284530.0;BTC-USD
213;8/2/2015;408.738;419.908;385.891;417.491;417.491;6950580.0;BTC-USD
214;8/3/2015;416.947;437.425;403.877;416.219;416.219;5494590.0;BTC-USD
215;8/4/2015;418.342;447.226;418.262;437.793;437.793;4323960.0;BTC-USD
216;8/5/2015;437.433;442.543;430.105;434.922;434.922;2565020.0;BTC-USD
217;8/6/2015;4.349;436.223;402.367;406.467;406.467;3879570.0;BTC-USD
218;8/7/2015;406.334;422.069;397.027;420.828;420.828;4192810.0;BTC-USD
219;8/8/2015;422.099;422.364;383.542;385.475;385.475;4917730.0;BTC-USD
220;8/9/2015;384.339;398.426;381.139;389.859;389.859;3064680.0;BTC-USD
221;8/10/2015;39.008;398.013;389.761;394.888;394.888;2239890.0;BTC-USD
222;8/11/2015;394.874;415.955;394.295;415.955;415.955;3426300.0;BTC-USD
223;8/12/2015;414.334;415.755;397.444;398.545;398.545;3519900.0;BTC-USD
224;8/13/2015;397.227;397.251;384.041;388.034;388.034;2409030.0;BTC-USD
225;8/14/2015;388.069;406.731;38.648;402.623;402.623;3157170.0;BTC-USD
226;8/15/2015;402.249;404.187;391.511;392.546;392.546;2016290.0;BTC-USD
227;8/16/2015;393.203;398.654;389.236;395.228;395.228;3197720.0;BTC-USD
228;8/17/2015;396.332;403.499;393.534;398.396;398.396;2289060.0;BTC-USD
229;8/18/2015;398.368;399.957;34.377;346.971;346.971;3464380.0;BTC-USD
230;8/19/2015;347.965;361.915;335.854;347.782;347.782;5742670.0;BTC-USD
231;8/20/2015;347.081;362.497;347.081;360.509;360.509;2882900.0;BTC-USD
232;8/21/2015;360.023;364.309;354.829;356.502;356.502;1720630.0;BTC-USD
233;8/22/2015;356.256;359.079;345.897;351.123;351.123;1913720.0;BTC-USD
234;8/23/2015;351.328;354.009;335.316;339.447;339.447;2066020.0;BTC-USD
235;8/24/2015;339.258;339.258;296.611;299.474;299.474;7278630.0;BTC-USD
236;8/25/2015;298.477;305.319;254.379;29.372;29.372;11404300.0;BTC-USD
237;8/26/2015;294.969;303.967;283.658;294.651;294.651;4551630.0;BTC-USD
238;8/27/2015;294.614;29.902;283.645;286.605;286.605;1936130.0;BTC-USD
239;8/28/2015;284.239;296.003;270.522;290.629;290.629;4186540.0;BTC-USD
240;8/29/2015;291.616;29.465;28.243;287.651;287.651;1706060.0;BTC-USD
241;8/30/2015;287.156;29.053;275.934;28.484;28.484;1497480.0;BTC-USD
242;8/31/2015;285.323;286.248;278.997;284.207;284.207;1752920.0;BTC-USD
243;9/1/2015;284.742;287.549;280.563;282.001;282.001;1376040.0;BTC-USD
244;9/2/2015;281.981;282.813;27.573;279.545;279.545;2423010.0;BTC-USD
245;9/3/2015;279.669;280.446;257.997;263.314;263.314;2210590.0;BTC-USD
246;9/4/2015;263.814;272.467;263.334;270.112;270.112;1441530.0;BTC-USD
247;9/5/2015;270.205;294.305;266.153;291.954;291.954;2666820.0;BTC-USD
248;9/6/2015;291.782;311.515;290.331;304.807;304.807;4281360.0;BTC-USD
249;9/7/2015;3.039;310.386;298.669;30.459;30.459;2254530.0;BTC-USD
250;9/8/2015;304.737;312.862;3.014;304.738;304.738;2566300.0;BTC-USD
251;9/9/2015;304.828;305.145;291.041;292.392;292.392;2298470.0;BTC-USD
252;9/10/2015;292.465;297.154;289.288;294.936;294.936;1420320.0;BTC-USD
253;9/11/2015;294.878;298.439;294.012;295.746;295.746;1251460.0;BTC-USD
254;9/12/2015;296.257;297.082;282.292;282.555;282.555;1517440.0;BTC-USD
255;9/13/2015;282.479;285.467;277.492;281.594;281.594;1328080.0;BTC-USD
256;9/14/2015;281.492;286.237;277.806;284.465;284.465;1135730.0;BTC-USD
257;9/15/2015;28.442;293.434;281.679;282.319;282.319;918109.0;BTC-USD
258;9/16/2015;282.994;284.561;277.411;280.298;280.298;1192860.0;BTC-USD
259;9/17/2015;280.622;292.958;279.593;290.637;290.637;1626720.0;BTC-USD
260;9/18/2015;291.062;300.732;289.598;295.696;295.696;1572740.0;BTC-USD
261;9/19/2015;295.491;29.611;285.999;287.358;287.358;897801.0;BTC-USD
262;9/20/2015;287.507;287.524;282.986;284.644;284.644;989389.0;BTC-USD
263;9/21/2015;285.372;2.855;279.523;279.913;279.913;1027230.0;BTC-USD
264;9/22/2015;279.847;287.878;279.587;284.465;284.465;1442340.0;BTC-USD
265;9/23/2015;285.505;289.729;285.186;286.555;286.555;901921.0;BTC-USD
266;9/24/2015;287.151;294.836;287.072;292.998;292.998;1328450.0;BTC-USD
267;9/25/2015;293.324;294.878;288.703;289.286;289.286;959962.0;BTC-USD
268;9/26/2015;289.472;290.442;286.845;288.688;288.688;531617.0;BTC-USD
269;9/27/2015;288.899;289.741;286.505;287.116;287.116;748001.0;BTC-USD
270;9/28/2015;288.133;307.525;287.811;30.728;30.728;2604270.0;BTC-USD
271;9/29/2015;310.265;3.172;296.999;296.999;296.999;2896120.0;BTC-USD
272;9/30/2015;296.609;304.918;296.609;300.978;300.978;1371090.0;BTC-USD
273;10/1/2015;30.139;305.272;295.597;300.192;300.192;1644010.0;BTC-USD
274;10/2/2015;299.683;301.522;297.673;29.932;29.932;1132180.0;BTC-USD
275;10/3/2015;299.867;303.714;299.069;303.008;303.008;1051760.0;BTC-USD
276;10/4/2015;303.292;305.736;299.798;301.436;301.436;982441.0;BTC-USD
277;10/5/2015;302.106;303.254;298.571;301.599;301.599;1277060.0;BTC-USD
278;10/6/2015;302.012;31.559;301.068;314.593;314.593;1972700.0;BTC-USD
279;10/7/2015;314.897;31.624;305.587;305.858;305.858;1695270.0;BTC-USD
280;10/8/2015;306.134;307.697;304.768;306.403;306.403;1137940.0;BTC-USD
281;10/9/2015;306.913;311.212;306.446;310.797;310.797;978079.0;BTC-USD
282;10/10/2015;311.235;313.598;308.847;310.599;310.599;1000850.0;BTC-USD
283;10/11/2015;310.868;315.026;308.498;314.504;314.504;1222700.0;BTC-USD
284;10/12/2015;314.903;317.299;313.253;31.372;31.372;1252010.0;BTC-USD
285;10/13/2015;313.909;318.884;311.275;317.974;317.974;1605970.0;BTC-USD
286;10/14/2015;318.153;31.959;30.989;314.418;314.418;1781770.0;BTC-USD
287;10/15/2015;314.995;315.939;309.912;310.489;310.489;1428290.0;BTC-USD
288;10/16/2015;310.864;314.205;309.473;310.735;310.735;1472800.0;BTC-USD
289;10/17/2015;311.124;315.579;303.511;307.154;307.154;2454780.0;BTC-USD
290;10/18/2015;307.411;308.412;300.498;302.279;302.279;1217780.0;BTC-USD
291;10/19/2015;303.062;30.548;300.669;304.797;304.797;1239570.0;BTC-USD
292;10/20/2015;305.258;309.473;305.258;30.926;30.926;1163340.0;BTC-USD
293;10/21/2015;309.344;311.633;30.623;307.515;307.515;988482.0;BTC-USD
294;10/22/2015;308.079;314.128;307.233;311.465;311.465;1215290.0;BTC-USD
295;10/23/2015;312.043;312.812;309.293;311.154;311.154;1196600.0;BTC-USD
296;10/24/2015;311.266;311.965;307.777;309.986;309.986;955111.0;BTC-USD
297;10/25/2015;310.972;313.901;306.579;306.579;306.579;1656730.0;BTC-USD
298;10/26/2015;30.711;310.786;306.557;310.443;310.443;1119820.0;BTC-USD
299;10/27/2015;310.703;310.768;3.082;309.455;309.455;1102490.0;BTC-USD
300;10/28/2015;30.993;311.053;308.558;310.077;310.077;1433200.0;BTC-USD
301;10/29/2015;310.248;392.944;305.851;378.221;378.221;11455900.0;BTC-USD
302;10/30/2015;376.857;419.904;37.403;406.168;406.168;12206200.0;BTC-USD
303;10/31/2015;408.356;41.152;376.542;380.433;380.433;5425140.0;BTC-USD
304;11/1/2015;381.509;398.662;376.895;39.593;39.593;3801480.0;BTC-USD
305;11/2/2015;398.289;420.158;393.917;41.649;41.649;6302390.0;BTC-USD
306;11/3/2015;417.497;479.592;41.005;45.898;45.898;18600100.0;BTC-USD
307;11/4/2015;45.799;53.245;405.451;423.022;423.022;22553800.0;BTC-USD
308;11/5/2015;419.955;441.189;376.763;396.164;396.164;13017300.0;BTC-USD
309;11/6/2015;394.524;397.091;345.145;354.801;354.801;8761900.0;BTC-USD
310;11/7/2015;355.124;367.768;354.856;359.887;359.887;2638500.0;BTC-USD
311;11/8/2015;361.987;365.773;340.995;341.907;341.907;2399540.0;BTC-USD
312;11/9/2015;343.286;344.808;325.931;339.662;339.662;4195940.0;BTC-USD
313;11/10/2015;340.039;345.545;304.143;311.515;311.515;5565520.0;BTC-USD
314;11/11/2015;311.711;312.101;294.258;296.939;296.939;3648510.0;BTC-USD
315;11/12/2015;297.215;328.611;297.215;32.787;32.787;4133180.0;BTC-USD
316;11/13/2015;326.864;328.729;31.546;322.599;322.599;2247490.0;BTC-USD
317;11/14/2015;322.337;324.585;318.268;319.461;319.461;1293740.0;BTC-USD
318;11/15/2015;319.864;321.844;305.506;30.658;30.658;1750230.0;BTC-USD
319;11/16/2015;306.645;31.941;304.743;318.945;318.945;1578010.0;BTC-USD
320;11/17/2015;319.037;322.676;316.317;320.198;320.198;1607020.0;BTC-USD
321;11/18/2015;319.891;320.931;316.834;318.551;318.551;1425920.0;BTC-USD
322;11/19/2015;319.123;321.427;31.271;313.361;313.361;1448970.0;BTC-USD
323;11/20/2015;313.604;314.076;306.938;311.557;311.557;1698240.0;BTC-USD
324;11/21/2015;311.744;316.052;310.564;315.027;315.027;1057060.0;BTC-USD
325;11/22/2015;316.329;316.355;311.482;313.683;313.683;1070770.0;BTC-USD
326;11/23/2015;314.389;314.672;311.133;31.241;31.241;1389260.0;BTC-USD
327;11/24/2015;313.036;31.307;308.787;310.783;310.783;1510060.0;BTC-USD
328;11/25/2015;311.383;334.444;309.277;334.444;334.444;2877300.0;BTC-USD
329;11/26/2015;335.139;371.631;335.139;360.834;360.834;8700000.0;BTC-USD
330;11/27/2015;36.014;362.843;351.932;357.861;357.861;2780650.0;BTC-USD
331;11/28/2015;357.541;357.895;346.477;352.259;352.259;1691790.0;BTC-USD
332;11/29/2015;353.436;36.806;349.924;366.973;366.973;2720390.0;BTC-USD
333;11/30/2015;366.437;373.746;357.929;362.122;362.122;3339320.0;BTC-USD
334;12/1/2015;362.608;363.516;340.248;34.349;34.349;2841630.0;BTC-USD
335;12/2/2015;343.093;34.355;330.366;334.225;334.225;2452500.0;BTC-USD
336;12/3/2015;334.672;344.107;333.691;337.749;337.749;1943430.0;BTC-USD
337;12/4/2015;338.233;338.735;334.374;336.181;336.181;1333170.0;BTC-USD
338;12/5/2015;336.994;354.074;336.994;352.372;352.372;2664550.0;BTC-USD
339;12/6/2015;352.538;357.842;344.769;34.731;34.731;4063170.0;BTC-USD
340;12/7/2015;345.255;369.169;344.711;364.514;364.514;4210900.0;BTC-USD
341;12/8/2015;364.767;368.692;354.508;368.692;368.692;2744880.0;BTC-USD
342;12/9/2015;368.282;374.053;360.726;366.903;366.903;4506800.0;BTC-USD
343;12/10/2015;366.964;367.945;358.964;366.394;366.394;2538190.0;BTC-USD
344;12/11/2015;367.299;385.486;367.101;383.645;383.645;5086460.0;BTC-USD
345;12/12/2015;384.252;397.331;350.163;360.633;360.633;6201500.0;BTC-USD
346;12/13/2015;35.963;366.294;356.864;362.674;362.674;3218570.0;BTC-USD
347;12/14/2015;363.688;367.235;360.013;361.457;361.457;3011480.0;BTC-USD
348;12/15/2015;361.842;383.925;361.258;383.377;383.377;5124770.0;BTC-USD
349;12/16/2015;383.891;383.935;367.831;369.892;369.892;3628690.0;BTC-USD
350;12/17/2015;370.411;379.159;36.794;3.74;3.74;2244680.0;BTC-USD
351;12/18/2015;375.132;380.607;373.057;375.696;375.696;2642590.0;BTC-USD
352;12/19/2015;376.516;377.684;370.667;372.062;372.062;1480630.0;BTC-USD
353;12/20/2015;374.056;374.509;348.261;353.612;353.612;2853130.0;BTC-USD
354;12/21/2015;354.621;354.621;342.869;345.869;345.869;2244460.0;BTC-USD
355;12/22/2015;345.878;347.765;340.004;341.953;341.953;1366080.0;BTC-USD
356;12/23/2015;343.238;359.203;343.102;357.807;357.807;2274490.0;BTC-USD
357;12/24/2015;359.019;368.438;359.019;3.644;3.644;2530790.0;BTC-USD
358;12/25/2015;364.888;368.004;3.604;362.475;362.475;1628860.0;BTC-USD
359;12/26/2015;364.114;364.473;338.279;342.442;342.442;3880050.0;BTC-USD
360;12/27/2015;342.032;349.249;339.342;347.905;347.905;2048800.0;BTC-USD
361;12/28/2015;347.781;352.972;345.675;346.603;346.603;1647170.0;BTC-USD
362;12/29/2015;347.063;351.728;343.646;350.026;350.026;2161460.0;BTC-USD
363;12/30/2015;3.512;351.214;34.463;345.914;345.914;2202460.0;BTC-USD
364;12/31/2015;34.593;34.974;341.417;348.017;348.017;2667620.0;BTC-USD
365;1/1/2016;347.952;353.102;346.925;350.898;350.898;2791170.0;BTC-USD
366;1/2/2016;351.528;352.712;349.219;350.216;350.216;3020260.0;BTC-USD
367;1/3/2016;3.504;350.643;345.086;348.307;348.307;2406150.0;BTC-USD
368;1/4/2016;34.791;350.723;347.615;349.539;349.539;3309740.0;BTC-USD
369;1/5/2016;3.492;350.819;345.372;346.967;346.967;2104650.0;BTC-USD
370;1/6/2016;346.706;346.786;34.448;345.356;345.356;2208860.0;BTC-USD
371;1/7/2016;345.007;361.155;344.269;360.414;360.414;4560680.0;BTC-USD
372;1/8/2016;35.968;364.142;353.358;356.888;356.888;3277990.0;BTC-USD
373;1/9/2016;357.435;358.557;35.436;356.057;356.057;2934720.0;BTC-USD
374;1/10/2016;355.916;356.019;349.682;353.672;353.672;2462000.0;BTC-USD
375;1/11/2016;352.627;356.922;352.627;355.662;355.662;2931030.0;BTC-USD
376;1/12/2016;355.302;355.617;349.368;349.368;349.368;4566050.0;BTC-USD
377;1/13/2016;348.998;34.921;343.281;347.602;347.602;6745630.0;BTC-USD
378;1/14/2016;347.093;348.096;344.868;346.599;346.599;2044890.0;BTC-USD
379;1/15/2016;346.404;346.441;299.678;299.678;299.678;5117640.0;BTC-USD
380;1/16/2016;296.572;310.718;291.946;308.694;308.694;4170270.0;BTC-USD
381;1/17/2016;308.732;310.022;302.476;302.619;302.619;1905660.0;BTC-USD
382;1/18/2016;301.955;305.727;297.763;304.896;304.896;2304070.0;BTC-USD
383;1/19/2016;304.766;305.534;299.417;301.744;301.744;1626900.0;BTC-USD
384;1/20/2016;30.148;34.345;29.907;338.853;338.853;4438610.0;BTC-USD
385;1/21/2016;338.423;340.186;320.536;322.078;322.078;3665110.0;BTC-USD
386;1/22/2016;323.105;324.319;304.892;307.657;307.657;3589150.0;BTC-USD
387;1/23/2016;308.203;314.757;307.814;310.348;310.348;2384900.0;BTC-USD
388;1/24/2016;311.351;320.824;309.979;3.181;3.181;1806510.0;BTC-USD
389;1/25/2016;318.795;318.795;310.505;312.728;312.728;1940070.0;BTC-USD
390;1/26/2016;312.537;317.118;312.332;315.482;315.482;2926650.0;BTC-USD
391;1/27/2016;315.935;332.019;315.652;328.745;328.745;5341690.0;BTC-USD
392;1/28/2016;329.286;330.034;311.214;312.016;312.016;3075380.0;BTC-USD
393;1/29/2016;31.384;313.974;306.114;311.138;311.138;2555880.0;BTC-USD
394;1/30/2016;311.813;312.382;307.512;30.808;30.808;1298980.0;BTC-USD
395;1/31/2016;309.693;311.387;304.366;305.216;305.216;1450600.0;BTC-USD
396;2/1/2016;307.343;310.203;305.749;307.724;307.724;1502430.0;BTC-USD
397;2/2/2016;308.801;309.648;306.951;307.587;307.587;1279650.0;BTC-USD
398;2/3/2016;308.639;308.889;303.791;304.753;304.753;1406560.0;BTC-USD
399;2/4/2016;305.753;318.227;305.611;316.277;316.277;2059350.0;BTC-USD
400;2/5/2016;317.151;317.151;313.575;313.741;313.741;1211900.0;BTC-USD
401;2/6/2016;314.997;315.427;307.735;3.099;3.099;1394670.0;BTC-USD
402;2/7/2016;31.096;312.583;307.914;308.596;308.596;1168970.0;BTC-USD
403;2/8/2016;30.919;310.731;305.658;306.216;306.216;964279.0;BTC-USD
404;2/9/2016;307.608;308.223;305.094;308.155;308.155;1197280.0;BTC-USD
405;2/10/2016;308.898;313.349;307.745;309.525;309.525;1358800.0;BTC-USD
406;2/11/2016;311.214;312.565;307.076;307.562;307.562;1263660.0;BTC-USD
407;2/12/2016;309.224;311.612;308.286;311.187;311.187;1041630.0;BTC-USD
408;2/13/2016;311.812;314.051;311.405;312.969;312.969;1313500.0;BTC-USD
409;2/14/2016;314.773;321.307;314.773;321.059;321.059;1924190.0;BTC-USD
410;2/15/2016;323.204;325.298;317.072;318.251;318.251;1521240.0;BTC-USD
411;2/16/2016;320.227;322.452;317.954;320.901;320.901;1479430.0;BTC-USD
412;2/17/2016;322.731;326.487;320.164;324.103;324.103;1857460.0;BTC-USD
413;2/18/2016;32.452;327.355;323.026;325.143;325.143;1422270.0;BTC-USD
414;2/19/2016;326.045;327.257;323.054;325.279;325.279;1780240.0;BTC-USD
415;2/20/2016;326.811;350.172;326.065;345.799;345.799;3677250.0;BTC-USD
416;2/21/2016;345.997;358.364;340.012;346.427;346.427;3518950.0;BTC-USD
417;2/22/2016;346.592;351.263;343.241;348.363;348.363;2066780.0;BTC-USD
418;2/23/2016;348.881;35.247;338.036;339.693;339.693;2416790.0;BTC-USD
419;2/24/2016;340.327;342.482;332.423;337.487;337.487;1909510.0;BTC-USD
420;2/25/2016;338.611;339.982;333.364;336.552;336.552;1556360.0;BTC-USD
421;2/26/2016;336.949;341.679;332.423;341.679;341.679;1849390.0;BTC-USD
422;2/27/2016;342.881;344.905;339.277;341.288;341.288;731107.0;BTC-USD
423;2/28/2016;341.416;346.898;335.791;344.186;344.186;986849.0;BTC-USD
424;2/29/2016;34.412;348.975;342.049;344.611;344.611;1431670.0;BTC-USD
425;3/1/2016;344.835;345.429;341.013;343.297;343.297;1133580.0;BTC-USD
426;3/2/2016;343.436;344.049;336.502;336.502;336.502;1469810.0;BTC-USD
427;3/3/2016;336.374;336.374;330.526;332.353;332.353;1812040.0;BTC-USD
428;3/4/2016;33.215;334.873;324.751;325.023;325.023;1459960.0;BTC-USD
429;3/5/2016;325.172;325.186;313.297;319.216;319.216;1689010.0;BTC-USD
430;3/6/2016;319.149;325.364;317.429;322.165;322.165;1010650.0;BTC-USD
431;3/7/2016;322.162;327.264;320.126;326.775;326.775;1057270.0;BTC-USD
432;3/8/2016;327.141;327.564;322.684;325.422;325.422;918434.0;BTC-USD
433;3/9/2016;325.055;329.894;323.933;327.985;327.985;1247320.0;BTC-USD
434;3/10/2016;327.791;329.152;325.133;328.755;328.755;898376.0;BTC-USD
435;3/11/2016;328.632;340.406;328.601;33.847;33.847;1804450.0;BTC-USD
436;3/12/2016;339.113;339.192;327.497;329.018;329.018;1076560.0;BTC-USD
437;3/13/2016;328.942;332.438;328.404;33.074;33.074;1140930.0;BTC-USD
438;3/14/2016;330.909;33.279;329.075;330.352;330.352;670283.0;BTC-USD
439;3/15/2016;330.329;332.728;328.704;330.578;330.578;747107.0;BTC-USD
440;3/16/2016;330.711;331.799;329.534;330.939;330.939;692940.0;BTC-USD
441;3/17/2016;331.136;332.475;329.535;330.739;330.739;1038460.0;BTC-USD
442;3/18/2016;330.715;330.715;315.282;316.981;316.981;1502010.0;BTC-USD
443;3/19/2016;317.078;319.468;315.961;317.825;317.825;617579.0;BTC-USD
444;3/20/2016;318.153;321.036;317.824;320.555;320.555;926158.0;BTC-USD
445;3/21/2016;320.519;320.676;318.803;320.091;320.091;507480.0;BTC-USD
446;3/22/2016;320.004;324.006;319.804;323.472;323.472;1265140.0;BTC-USD
447;3/23/2016;323.384;325.418;32.216;32.428;32.428;1703040.0;BTC-USD
448;3/24/2016;324.502;325.109;321.639;32.247;32.247;1394180.0;BTC-USD
449;3/25/2016;322.784;3.237;32.143;322.907;322.907;1200290.0;BTC-USD
450;3/26/2016;322.772;323.897;32.126;323.057;323.057;1117430.0;BTC-USD
451;3/27/2016;323.182;332.495;322.509;33.036;33.036;2089890.0;BTC-USD
452;3/28/2016;330.291;330.291;325.682;326.406;326.406;1427140.0;BTC-USD
453;3/29/2016;326.176;3.283;319.629;322.633;322.633;1764730.0;BTC-USD
454;3/30/2016;322.665;327.702;320.301;321.941;321.941;1450290.0;BTC-USD
455;3/31/2016;322.548;326.648;322.184;325.707;325.707;1704440.0;BTC-USD
456;4/1/2016;324.575;325.515;323.113;323.995;323.995;1316230.0;BTC-USD
457;4/2/2016;32.459;327.574;324.486;326.211;326.211;1174830.0;BTC-USD
458;4/3/2016;326.145;32.747;32.468;326.268;326.268;1281200.0;BTC-USD
459;4/4/2016;32.613;326.842;322.203;325.059;325.059;1188610.0;BTC-USD
460;4/5/2016;324.604;327.108;324.144;325.165;325.165;863788.0;BTC-USD
461;4/6/2016;325.852;32.636;324.275;325.593;325.593;1088910.0;BTC-USD
462;4/7/2016;325.701;326.089;322.778;324.532;324.532;1150280.0;BTC-USD
463;4/8/2016;324.191;325.398;32.144;322.027;322.027;1352320.0;BTC-USD
464;4/9/2016;322.402;322.615;319.817;32.162;32.162;1224580.0;BTC-USD
465;4/10/2016;322.186;325.236;321.168;322.699;322.699;1417490.0;BTC-USD
466;4/11/2016;322.745;324.379;321.385;324.177;324.177;1061060.0;BTC-USD
467;4/12/2016;324.014;327.679;323.145;325.732;325.732;1305310.0;BTC-USD
468;4/13/2016;326.295;327.058;323.603;323.886;323.886;1295720.0;BTC-USD
469;4/14/2016;324.574;325.582;323.376;323.961;323.961;1190770.0;BTC-USD
470;4/15/2016;324.321;328.476;324.153;327.883;327.883;1404400.0;BTC-USD
471;4/16/2016;327.985;329.406;326.827;327.382;327.382;1155850.0;BTC-USD
472;4/17/2016;328.005;328.375;325.147;325.777;325.777;1211900.0;BTC-USD
473;4/18/2016;326.037;327.102;323.918;324.039;324.039;1317730.0;BTC-USD
474;4/19/2016;32.489;329.295;32.425;328.517;328.517;1333410.0;BTC-USD
475;4/20/2016;329.175;329.473;326.662;327.838;327.838;1638920.0;BTC-USD
476;4/21/2016;328.093;335.176;327.347;33.464;33.464;1688230.0;BTC-USD
477;4/22/2016;334.679;334.809;330.686;331.927;331.927;1569850.0;BTC-USD
478;4/23/2016;332.078;333.972;330.526;333.447;333.447;1383790.0;BTC-USD
479;4/24/2016;334.636;364.535;334.636;363.183;363.183;4502460.0;BTC-USD
480;4/25/2016;362.286;387.424;355.076;381.172;381.172;6605750.0;BTC-USD
481;4/26/2016;379.559;411.448;378.638;40.458;40.458;6717450.0;BTC-USD
482;4/27/2016;404.861;422.993;386.893;388.971;388.971;9435190.0;BTC-USD
483;4/28/2016;387.886;387.944;368.631;37.885;37.885;3952590.0;BTC-USD
484;4/29/2016;379.207;384.685;37.235;38.136;38.136;2467080.0;BTC-USD
485;4/30/2016;381.348;381.505;364.385;365.975;365.975;2502180.0;BTC-USD
486;5/1/2016;36.575;372.045;364.311;37.052;37.052;1911590.0;BTC-USD
487;5/2/2016;370.871;378.136;363.868;368.031;368.031;2667410.0;BTC-USD
488;5/3/2016;368.211;375.876;366.239;374.091;374.091;2363200.0;BTC-USD
489;5/4/2016;374.184;377.976;373.112;374.679;374.679;1716110.0;BTC-USD
490;5/5/2016;374.181;376.402;370.688;371.385;371.385;1702120.0;BTC-USD
491;5/6/2016;371.613;382.211;3.706;382.211;382.211;1899060.0;BTC-USD
492;5/7/2016;381.952;400.344;381.952;395.345;395.345;3278610.0;BTC-USD
493;5/8/2016;393.641;394.411;38.862;393.814;393.814;1783970.0;BTC-USD
494;5/9/2016;393.763;408.338;389.863;405.643;405.643;3120940.0;BTC-USD
495;5/10/2016;405.797;411.563;379.838;381.915;381.915;3688200.0;BTC-USD
496;5/11/2016;382.033;391.377;381.444;388.227;388.227;2458140.0;BTC-USD
497;5/12/2016;388.134;389.672;379.635;38.568;38.568;1798920.0;BTC-USD
498;5/13/2016;385.527;396.167;382.879;392.568;392.568;2624100.0;BTC-USD
499;5/14/2016;392.728;404.518;392.024;401.012;401.012;2444920.0;BTC-USD
500;5/15/2016;401.409;410.201;396.654;406.312;406.312;2096570.0;BTC-USD
501;5/16/2016;406.308;416.277;397.969;400.653;400.653;3632510.0;BTC-USD
502;5/17/2016;400.364;403.497;39.744;398.313;398.313;2663640.0;BTC-USD
503;5/18/2016;39.798;404.284;39.751;400.322;400.322;2377740.0;BTC-USD
504;5/19/2016;400.244;403.438;383.339;383.339;383.339;3380010.0;BTC-USD
505;5/20/2016;382.493;391.887;381.789;388.101;388.101;3638250.0;BTC-USD
506;5/21/2016;388.352;397.342;387.858;395.449;395.449;1938010.0;BTC-USD
507;5/22/2016;395.659;398.667;390.465;39.297;39.297;1849720.0;BTC-USD
508;5/23/2016;392.293;397.308;389.946;396.819;396.819;1868020.0;BTC-USD
509;5/24/2016;396.388;39.846;393.887;395.141;395.141;1742000.0;BTC-USD
510;5/25/2016;395.081;404.566;394.757;404.566;404.566;2765530.0;BTC-USD
511;5/26/2016;404.526;410.451;402.687;408.247;408.247;2530850.0;BTC-USD
512;5/27/2016;408.942;468.327;408.726;450.133;450.133;10821100.0;BTC-USD
513;5/28/2016;451.095;48.333;450.653;470.068;470.068;11564700.0;BTC-USD
514;5/29/2016;468.873;486.499;457.967;460.962;460.962;7351420.0;BTC-USD
515;5/30/2016;463.264;470.275;458.507;467.087;467.087;3805050.0;BTC-USD
516;5/31/2016;46.876;474.944;460.479;465.039;465.039;5187600.0;BTC-USD
517;6/1/2016;465.329;477.331;462.104;474.099;474.099;4577160.0;BTC-USD
518;6/2/2016;474.465;475.948;467.956;471.505;471.505;2121360.0;BTC-USD
519;6/3/2016;471.958;486.572;470.556;486.097;486.097;4061990.0;BTC-USD
520;6/4/2016;486.319;490.247;477.022;480.804;480.804;3214800.0;BTC-USD
521;6/5/2016;479.843;484.259;478.622;481.291;481.291;2257820.0;BTC-USD
522;6/6/2016;481.446;496.647;481.036;495.916;495.916;2993510.0;BTC-USD
523;6/7/2016;495.482;498.021;47.225;477.078;477.078;3881380.0;BTC-USD
524;6/8/2016;477.429;478.693;468.962;474.817;474.817;3507640.0;BTC-USD
525;6/9/2016;477.788;477.934;467.478;469.312;469.312;6438540.0;BTC-USD
526;6/10/2016;4.752;484.952;471.315;4.84;4.84;6975970.0;BTC-USD
527;6/11/2016;488.234;501.398;484.037;501.398;501.398;10294700.0;BTC-USD
528;6/12/2016;50.673;545.544;504.659;533.358;533.358;13753200.0;BTC-USD
529;6/13/2016;541.465;554.153;515.863;529.032;529.032;8668280.0;BTC-USD
530;6/14/2016;530.518;530.693;509.736;520.402;520.402;8488220.0;BTC-USD
531;6/15/2016;52.231;524.203;510.873;523.978;523.978;3917000.0;BTC-USD
532;6/16/2016;525.305;566.079;525.305;566.079;566.079;9930590.0;BTC-USD
533;6/17/2016;567.243;594.637;528.094;559.327;559.327;12383200.0;BTC-USD
534;6/18/2016;560.399;569.399;548.894;555.995;555.995;7878070.0;BTC-USD
535;6/19/2016;556.037;562.646;550.741;559.378;559.378;3760240.0;BTC-USD
536;6/20/2016;562.519;562.519;52.692;529.454;529.454;4154880.0;BTC-USD
537;6/21/2016;527.355;528.646;469.582;482.175;482.175;11984800.0;BTC-USD
538;6/22/2016;482.753;491.902;388.086;39.107;39.107;11522400.0;BTC-USD
539;6/23/2016;391.814;394.629;346.607;385.051;385.051;11138900.0;BTC-USD
540;6/24/2016;385.183;432.941;384.719;42.791;42.791;9364750.0;BTC-USD
541;6/25/2016;42.746;443.571;392.484;423.307;423.307;6057000.0;BTC-USD
542;6/26/2016;424.301;424.301;397.156;407.431;407.431;4480920.0;BTC-USD
543;6/27/2016;405.153;415.502;402.835;411.985;411.985;2749620.0;BTC-USD
544;6/28/2016;413.775;418.262;406.678;410.066;410.066;2867420.0;BTC-USD
545;6/29/2016;410.169;410.169;403.014;406.188;406.188;2211450.0;BTC-USD
546;6/30/2016;407.738;421.044;404.471;41.935;41.935;2864910.0;BTC-USD
547;7/1/2016;419.349;433.394;417.602;425.597;425.597;6987180.0;BTC-USD
548;7/2/2016;427.777;460.776;424.099;458.992;458.992;16646200.0;BTC-USD
549;7/3/2016;466.093;466.093;418.537;425.329;425.329;7659710.0;BTC-USD
550;7/4/2016;427.269;454.056;421.372;454.056;454.056;5062640.0;BTC-USD
551;7/5/2016;455.779;455.779;435.745;445.228;445.228;4707390.0;BTC-USD
552;7/6/2016;446.446;450.738;442.191;446.822;446.822;3238960.0;BTC-USD
553;7/7/2016;449.656;452.615;395.399;411.188;411.188;6277860.0;BTC-USD
554;7/8/2016;411.567;422.621;407.517;421.991;421.991;5033530.0;BTC-USD
555;7/9/2016;423.739;423.739;397.079;416.307;416.307;6256370.0;BTC-USD
556;7/10/2016;412.157;415.027;406.326;409.983;409.983;3039620.0;BTC-USD
557;7/11/2016;412.118;419.105;40.613;408.544;408.544;3282920.0;BTC-USD
558;7/12/2016;409.219;421.174;408.813;415.328;415.328;2734250.0;BTC-USD
559;7/13/2016;416.283;418.174;413.341;413.855;413.855;2215370.0;BTC-USD
560;7/14/2016;414.098;417.535;412.357;414.846;414.846;1663660.0;BTC-USD
561;7/15/2016;415.446;418.084;414.716;415.977;415.977;1668020.0;BTC-USD
562;7/16/2016;415.271;41.648;411.445;413.267;413.267;1378140.0;BTC-USD
563;7/17/2016;413.772;420.864;413.077;418.989;418.989;2155230.0;BTC-USD
564;7/18/2016;419.939;420.444;413.835;414.822;414.822;1577810.0;BTC-USD
565;7/19/2016;415.275;416.601;413.846;414.916;414.916;1563330.0;BTC-USD
566;7/20/2016;414.999;416.287;411.248;412.506;412.506;1908710.0;BTC-USD
567;7/21/2016;413.319;413.929;411.169;412.023;412.023;1422410.0;BTC-USD
568;7/22/2016;412.578;414.199;402.618;403.829;403.829;2677970.0;BTC-USD
569;7/23/2016;40.426;406.407;403.047;4.057;4.057;1568890.0;BTC-USD
570;7/24/2016;406.375;408.408;403.787;407.067;407.067;1839420.0;BTC-USD
571;7/25/2016;407.262;40.757;403.045;403.204;403.204;1535980.0;BTC-USD
572;7/26/2016;403.719;404.606;393.099;397.024;397.024;2545920.0;BTC-USD
573;7/27/2016;396.491;398.635;393.471;395.589;395.589;1847300.0;BTC-USD
574;7/28/2016;396.576;398.953;396.388;396.774;396.774;1728410.0;BTC-USD
575;7/29/2016;397.479;40.961;395.818;407.744;407.744;1744370.0;BTC-USD
576;7/30/2016;408.266;409.432;405.967;406.181;406.181;1388580.0;BTC-USD
577;7/31/2016;407.958;408.376;397.025;401.382;401.382;1921460.0;BTC-USD
578;8/1/2016;406.291;406.291;386.342;386.342;386.342;1991690.0;BTC-USD
579;8/2/2016;387.169;388.769;351.913;363.958;363.958;5039290.0;BTC-USD
580;8/3/2016;363.943;373.648;359.177;371.923;371.923;2875880.0;BTC-USD
581;8/4/2016;371.197;375.256;370.742;374.845;374.845;1593350.0;BTC-USD
582;8/5/2016;374.201;374.201;369.911;372.904;372.904;1162030.0;BTC-USD
583;8/6/2016;372.116;377.094;369.517;376.018;376.018;1371060.0;BTC-USD
584;8/7/2016;375.868;381.002;374.597;378.032;378.032;1335400.0;BTC-USD
585;8/8/2016;377.451;379.781;374.781;378.551;378.551;1379300.0;BTC-USD
586;8/9/2016;378.284;378.485;374.234;375.975;375.975;1878160.0;BTC-USD
587;8/10/2016;376.176;380.734;37.195;372.242;372.242;1656370.0;BTC-USD
588;8/11/2016;371.741;374.735;364.016;374.217;374.217;2374230.0;BTC-USD
589;8/12/2016;373.846;375.039;368.547;370.935;370.935;2025430.0;BTC-USD
590;8/13/2016;370.867;37.546;368.415;371.441;371.441;2473190.0;BTC-USD
591;8/14/2016;371.571;372.246;361.257;365.021;365.021;2655030.0;BTC-USD
592;8/15/2016;364.829;368.247;356.978;357.708;357.708;3314040.0;BTC-USD
593;8/16/2016;358.503;364.793;358.195;363.772;363.772;2302180.0;BTC-USD
594;8/17/2016;364.511;364.873;359.291;359.944;359.944;1830120.0;BTC-USD
595;8/18/2016;36.028;364.157;36.028;360.712;360.712;1645410.0;BTC-USD
596;8/19/2016;361.098;362.465;359.876;360.409;360.409;1433570.0;BTC-USD
597;8/20/2016;3.608;362.634;359.959;361.556;361.556;1642330.0;BTC-USD
598;8/21/2016;361.941;362.654;360.346;361.507;361.507;1321380.0;BTC-USD
599;8/22/2016;361.742;366.208;360.452;365.726;365.726;2685030.0;BTC-USD
600;8/23/2016;366.442;400.517;36.599;393.073;393.073;12154100.0;BTC-USD
601;8/24/2016;392.881;394.796;383.992;385.505;385.505;4425210.0;BTC-USD
602;8/25/2016;385.649;387.121;377.677;380.207;380.207;3206370.0;BTC-USD
603;8/26/2016;380.192;384.735;379.237;382.638;382.638;2392690.0;BTC-USD
604;8/27/2016;382.494;383.059;372.654;373.677;373.677;6505780.0;BTC-USD
605;8/28/2016;373.608;375.711;373.169;373.983;373.983;2380150.0;BTC-USD
606;8/29/2016;373.766;378.583;373.766;375.952;375.952;2610000.0;BTC-USD
607;8/30/2016;376.752;382.379;375.331;380.406;380.406;2315030.0;BTC-USD
608;8/31/2016;380.607;381.357;378.106;379.744;379.744;1678550.0;BTC-USD
609;9/1/2016;379.563;385.226;379.045;383.201;383.201;2241890.0;BTC-USD
610;9/2/2016;383.675;38.368;380.919;382.457;382.457;1984050.0;BTC-USD
611;9/3/2016;382.702;390.724;380.685;388.875;388.875;2484220.0;BTC-USD
612;9/4/2016;38.931;404.032;388.079;401.444;401.444;4834060.0;BTC-USD
613;9/5/2016;402.154;403.356;396.584;397.919;397.919;4245990.0;BTC-USD
614;9/6/2016;398.424;398.729;395.192;397.236;397.236;1699160.0;BTC-USD
615;9/7/2016;398.913;412.653;394.785;396.988;396.988;1988370.0;BTC-USD
616;9/8/2016;396.945;400.711;395.715;398.834;398.834;2425520.0;BTC-USD
617;9/9/2016;398.371;398.604;395.935;396.999;396.999;1450080.0;BTC-USD
618;9/10/2016;397.222;397.796;395.672;396.898;396.898;661652.0;BTC-USD
619;9/11/2016;396.853;399.351;38.535;385.545;385.545;2100480.0;BTC-USD
620;9/12/2016;387.034;387.034;379.108;382.319;382.319;2454330.0;BTC-USD
621;9/13/2016;38.318;38.495;380.952;382.171;382.171;2219650.0;BTC-USD
622;9/14/2016;381.881;384.727;381.881;383.216;383.216;1322330.0;BTC-USD
623;9/15/2016;383.005;384.339;38.017;381.192;381.192;1793220.0;BTC-USD
624;9/16/2016;381.537;382.528;380.207;380.619;380.619;1663730.0;BTC-USD
625;9/17/2016;380.028;382.074;379.659;380.542;380.542;1568340.0;BTC-USD
626;9/18/2016;38.102;409.223;380.688;40.434;40.434;1727830.0;BTC-USD
627;9/19/2016;404.262;419.906;382.256;383.116;383.116;1606420.0;BTC-USD
628;9/20/2016;382.936;385.859;382.361;384.207;384.207;2263260.0;BTC-USD
629;9/21/2016;386.921;386.921;376.174;384.037;384.037;3853090.0;BTC-USD
630;9/22/2016;385.651;38.622;376.757;376.757;376.757;1445220.0;BTC-USD
631;9/23/2016;37.652;38.205;376.075;381.291;381.291;1572350.0;BTC-USD
632;9/24/2016;381.472;383.544;379.868;380.514;380.514;2118420.0;BTC-USD
633;9/25/2016;379.601;381.373;37.762;380.838;380.838;1540650.0;BTC-USD
634;9/26/2016;379.999;386.713;379.574;385.874;385.874;2148250.0;BTC-USD
635;9/27/2016;385.684;387.376;384.234;385.224;385.224;1734250.0;BTC-USD
636;9/28/2016;385.058;387.425;383.246;383.761;383.761;1905040.0;BTC-USD
637;9/29/2016;383.783;386.207;383.302;384.561;384.561;1674200.0;BTC-USD
638;9/30/2016;38.445;385.248;381.953;38.416;38.416;2104930.0;BTC-USD
639;10/1/2016;384.776;385.661;38.388;384.922;384.922;1426340.0;BTC-USD
640;10/2/2016;384.629;387.609;38.156;384.231;384.231;1373630.0;BTC-USD
641;10/3/2016;385.015;385.302;382.529;383.797;383.797;1207110.0;BTC-USD
642;10/4/2016;383.891;383.891;381.971;382.303;382.303;1116870.0;BTC-USD
643;10/5/2016;383.212;385.126;382.589;384.313;384.313;1394850.0;BTC-USD
644;10/6/2016;384.639;386.006;382.891;384.654;384.654;1415940.0;BTC-USD
645;10/7/2016;383.852;386.362;383.273;386.229;386.229;1596220.0;BTC-USD
646;10/8/2016;386.397;386.587;383.681;383.805;383.805;1544210.0;BTC-USD
647;10/9/2016;384.468;385.089;380.937;381.513;381.513;1239070.0;BTC-USD
648;10/10/2016;382.321;383.144;37.836;379.517;379.517;1420790.0;BTC-USD
649;10/11/2016;3.804;383.729;378.673;381.633;381.633;2025380.0;BTC-USD
650;10/12/2016;382.044;382.777;375.624;375.851;375.851;3154520.0;BTC-USD
651;10/13/2016;374.645;392.499;374.558;390.657;390.657;3798640.0;BTC-USD
652;10/14/2016;391.199;391.705;388.576;38.976;38.976;2142390.0;BTC-USD
653;10/15/2016;390.036;391.413;386.991;387.243;387.243;1664980.0;BTC-USD
654;10/16/2016;388.257;390.838;387.767;388.545;388.545;2160150.0;BTC-USD
655;10/17/2016;389.224;39.157;385.713;391.048;391.048;1716740.0;BTC-USD
656;10/18/2016;395.415;423.212;383.056;383.958;383.958;1790400.0;BTC-USD
657;10/19/2016;384.618;385.563;378.404;380.414;380.414;2243800.0;BTC-USD
658;10/20/2016;380.797;381.868;377.035;3.779;3.779;2417550.0;BTC-USD
659;10/21/2016;379.027;382.814;376.076;380.546;380.546;2881980.0;BTC-USD
660;10/22/2016;380.969;391.364;379.935;388.546;388.546;3858130.0;BTC-USD
661;10/23/2016;389.372;394.145;389.192;391.778;391.778;3927550.0;BTC-USD
662;10/24/2016;39.202;39.202;386.714;386.886;386.886;2999400.0;BTC-USD
663;10/25/2016;387.133;391.736;386.902;390.441;390.441;3154970.0;BTC-USD
664;10/26/2016;391.142;39.719;389.538;396.029;396.029;5418040.0;BTC-USD
665;10/27/2016;396.027;40.639;39.556;40.215;40.215;6216070.0;BTC-USD
666;10/28/2016;403.587;403.681;395.387;397.322;397.322;4260230.0;BTC-USD
667;10/29/2016;397.651;410.253;39.721;409.031;409.031;5732580.0;BTC-USD
668;10/30/2016;409.595;409.715;402.336;403.401;403.401;4364420.0;BTC-USD
669;10/31/2016;403.708;40.537;398.372;399.396;399.396;3893350.0;BTC-USD
670;11/1/2016;39.986;414.602;399.106;408.833;408.833;4714890.0;BTC-USD
671;11/2/2016;409.081;413.099;405.372;41.045;41.045;3646100.0;BTC-USD
672;11/3/2016;411.298;418.291;381.491;386.133;386.133;5883490.0;BTC-USD
673;11/4/2016;385.571;388.885;382.296;387.889;387.889;3481430.0;BTC-USD
674;11/5/2016;387.851;39.275;385.183;386.669;386.669;2318820.0;BTC-USD
675;11/6/2016;386.028;392.076;383.901;388.925;388.925;2192880.0;BTC-USD
676;11/7/2016;388.833;388.833;378.871;383.887;383.887;2806430.0;BTC-USD
677;11/8/2016;383.697;385.727;38.174;384.276;384.276;2493340.0;BTC-USD
678;11/9/2016;384.603;393.864;381.477;386.461;386.461;2894790.0;BTC-USD
679;11/10/2016;385.854;386.864;38.136;382.424;382.424;2334820.0;BTC-USD
680;11/11/2016;383.641;384.113;380.206;381.601;381.601;2124360.0;BTC-USD
681;11/12/2016;381.437;382.663;375.246;376.388;376.388;2592430.0;BTC-USD
682;11/13/2016;376.618;391.004;369.194;3.878;3.878;3344370.0;BTC-USD
683;11/14/2016;387.889;389.329;385.799;387.617;387.617;2525810.0;BTC-USD
684;11/15/2016;388.883;395.728;386.416;389.359;389.359;3032290.0;BTC-USD
685;11/16/2016;390.046;403.032;389.629;401.948;401.948;4232760.0;BTC-USD
686;11/17/2016;405.557;407.287;393.789;394.319;394.319;3120160.0;BTC-USD
687;11/18/2016;395.862;4.003;394.392;396.132;396.132;2650960.0;BTC-USD
688;11/19/2016;397.737;398.091;394.062;39.538;39.538;2048720.0;BTC-USD
689;11/20/2016;396.574;397.288;390.124;392.194;392.194;2680300.0;BTC-USD
690;11/21/2016;393.212;395.774;391.778;394.488;394.488;1999840.0;BTC-USD
691;11/22/2016;39.522;397.263;391.449;394.731;394.731;2347880.0;BTC-USD
692;11/23/2016;396.887;397.066;391.621;392.532;392.532;2184200.0;BTC-USD
693;11/24/2016;393.211;394.687;389.232;390.769;390.769;2089790.0;BTC-USD
694;11/25/2016;391.291;392.123;389.312;391.542;391.542;2211790.0;BTC-USD
695;11/26/2016;392.061;39.285;387.919;389.451;389.451;1782340.0;BTC-USD
696;11/27/2016;390.792;39.216;387.889;388.293;388.293;1631940.0;BTC-USD
697;11/28/2016;389.774;391.248;387.773;388.454;388.454;1726410.0;BTC-USD
698;11/29/2016;389.251;390.081;386.885;387.455;387.455;2436960.0;BTC-USD
699;11/30/2016;388.781;39.185;388.235;389.379;389.379;1857280.0;BTC-USD
700;12/1/2016;390.945;391.855;389.495;390.908;390.908;1985600.0;BTC-USD
701;12/2/2016;391.922;396.133;391.673;394.644;394.644;2559070.0;BTC-USD
702;12/3/2016;39.496;395.487;391.369;3.924;3.924;1805780.0;BTC-USD
703;12/4/2016;393.236;394.512;389.647;389.961;389.961;1908090.0;BTC-USD
704;12/5/2016;388.444;392.265;332.781;352.858;352.858;11106200.0;BTC-USD
705;12/6/2016;348.905;355.772;348.888;353.541;353.541;3007340.0;BTC-USD
706;12/7/2016;354.108;363.071;351.381;361.595;361.595;2537240.0;BTC-USD
707;12/8/2016;360.278;373.207;360.278;36.911;36.911;2683090.0;BTC-USD
708;12/9/2016;369.109;37.138;368.177;369.148;369.148;1758140.0;BTC-USD
709;12/10/2016;369.489;370.275;363.919;368.027;368.027;2093810.0;BTC-USD
710;12/11/2016;368.797;368.838;363.205;363.796;363.796;1948170.0;BTC-USD
711;12/12/2016;364.073;36.673;361.562;366.231;366.231;2465660.0;BTC-USD
712;12/13/2016;36.655;370.496;364.856;365.028;365.028;1962750.0;BTC-USD
713;12/14/2016;365.726;365.726;358.669;361.956;361.956;2618560.0;BTC-USD
714;12/15/2016;361.289;365.454;359.595;362.447;362.447;2679340.0;BTC-USD
715;12/16/2016;362.715;365.034;361.444;362.818;362.818;1625780.0;BTC-USD
716;12/17/2016;362.987;370.589;360.652;36.975;36.975;2559210.0;BTC-USD
717;12/18/2016;370.389;371.252;366.481;367.695;367.695;1951490.0;BTC-USD
718;12/19/2016;367.721;367.979;364.734;366.262;366.262;2274070.0;BTC-USD
719;12/20/2016;365.986;366.214;364.302;366.106;366.106;2335510.0;BTC-USD
720;12/21/2016;366.452;369.471;364.644;365.345;365.345;2913250.0;BTC-USD
721;12/22/2016;366.561;37.457;365.716;371.168;371.168;3657740.0;BTC-USD
722;12/23/2016;371.586;465.533;370.963;465.533;465.533;15539100.0;BTC-USD
723;12/24/2016;464.649;477.201;441.631;455.154;455.154;19773600.0;BTC-USD
724;12/25/2016;455.545;456.801;422.175;434.722;434.722;11363100.0;BTC-USD
725;12/26/2016;434.654;447.353;427.716;435.548;435.548;7603100.0;BTC-USD
726;12/27/2016;436.857;457.596;432.778;44.694;44.694;9294450.0;BTC-USD
727;12/28/2016;448.757;466.666;448.757;457.135;457.135;10319300.0;BTC-USD
728;12/29/2016;457.886;462.836;450.921;455.548;455.548;9352850.0;BTC-USD
729;12/30/2016;456.249;456.484;428.737;439.052;439.052;11912800.0;BTC-USD
730;12/31/2016;439.233;440.377;428.693;432.529;432.529;9210720.0;BTC-USD
731;1/1/2017;432.912;452.153;432.871;451.159;451.159;11337500.0;BTC-USD
732;1/2/2017;452.045;473.766;448.466;464.894;464.894;14595300.0;BTC-USD
733;1/3/2017;465.588;473.184;456.487;46.262;46.262;10055700.0;BTC-USD
734;1/4/2017;463.375;483.785;463.375;483.785;483.785;13762400.0;BTC-USD
735;1/5/2017;491.437;494.586;422.687;429.272;429.272;19196000.0;BTC-USD
736;1/6/2017;43.024;435.165;384.135;386.126;386.126;11063700.0;BTC-USD
737;1/7/2017;386.339;395.588;361.359;395.588;395.588;14628400.0;BTC-USD
738;1/8/2017;395.912;401.557;389.703;399.458;399.458;11728600.0;BTC-USD
739;1/9/2017;399.698;435.939;39.297;430.196;430.196;11165200.0;BTC-USD
740;1/10/2017;430.092;468.245;429.112;459.151;459.151;15157900.0;BTC-USD
741;1/11/2017;459.716;463.622;379.627;384.679;384.679;21863300.0;BTC-USD
742;1/12/2017;383.671;402.132;378.028;39.628;39.628;13690900.0;BTC-USD
743;1/13/2017;394.848;396.011;380.136;389.087;389.087;7720620.0;BTC-USD
744;1/14/2017;389.258;394.604;387.186;390.053;390.053;3999180.0;BTC-USD
745;1/15/2017;388.878;395.196;38.762;392.584;392.584;9341360.0;BTC-USD
746;1/16/2017;392.204;39.574;38.733;390.254;390.254;8159260.0;BTC-USD
747;1/17/2017;39.057;394.532;385.162;393.905;393.905;4816480.0;BTC-USD
748;1/18/2017;394.225;39.511;378.399;38.382;38.382;4321020.0;BTC-USD
749;1/19/2017;38.419;392.839;381.076;386.061;386.061;4090650.0;BTC-USD
750;1/20/2017;385.918;390.945;384.308;389.001;389.001;3427180.0;BTC-USD
751;1/21/2017;389.257;391.862;389.071;390.451;390.451;2717700.0;BTC-USD
752;1/22/2017;390.248;391.738;382.428;384.294;384.294;2630830.0;BTC-USD
753;1/23/2017;385.613;386.211;382.185;383.576;383.576;2725110.0;BTC-USD
754;1/24/2017;383.527;384.161;378.428;37.861;37.861;2629220.0;BTC-USD
755;1/25/2017;379.133;3.802;368.862;371.453;371.453;6863540.0;BTC-USD
756;1/26/2017;371.444;384.172;370.638;383.432;383.432;5817220.0;BTC-USD
757;1/27/2017;38.401;386.391;380.559;385.588;385.588;5049680.0;BTC-USD
758;1/28/2017;385.353;386.716;383.653;385.295;385.295;3305270.0;BTC-USD
759;1/29/2017;385.244;38.592;383.835;38.521;38.521;2804420.0;BTC-USD
760;1/30/2017;385.623;402.125;385.596;402.125;402.125;10192700.0;BTC-USD
761;1/31/2017;40.165;410.098;40.165;407.864;407.864;15799800.0;BTC-USD
762;2/1/2017;407.604;413.166;403.058;407.533;407.533;7753930.0;BTC-USD
763;2/2/2017;407.515;409.093;401.694;408.527;408.527;5175450.0;BTC-USD
764;2/3/2017;408.163;410.735;404.019;408.256;408.256;8548470.0;BTC-USD
765;2/4/2017;408.451;409.656;401.545;4.058;4.058;6926300.0;BTC-USD
766;2/5/2017;406.511;407.048;401.886;404.292;404.292;4635400.0;BTC-USD
767;2/6/2017;405.798;407.938;404.054;404.401;404.401;4972300.0;BTC-USD
768;2/7/2017;405.348;407.875;40.392;404.037;404.037;6570650.0;BTC-USD
769;2/8/2017;404.974;408.043;39.705;402.317;402.317;7016980.0;BTC-USD
770;2/9/2017;402.965;408.306;371.397;379.859;379.859;21297300.0;BTC-USD
771;2/10/2017;380.109;381.088;369.848;377.721;377.721;7918280.0;BTC-USD
772;2/11/2017;377.722;380.456;376.698;37.931;37.931;3340840.0;BTC-USD
773;2/12/2017;379.587;379.587;374.592;376.437;376.437;2706320.0;BTC-USD
774;2/13/2017;376.823;376.948;370.399;371.789;371.789;4721650.0;BTC-USD
775;2/14/2017;371.529;377.326;370.713;37.708;37.708;3994400.0;BTC-USD
776;2/15/2017;376.918;381.628;37.556;380.928;380.928;2683590.0;BTC-USD
777;2/16/2017;379.676;381.978;377.973;378.681;378.681;3991580.0;BTC-USD
778;2/17/2017;377.838;383.947;377.417;383.036;383.036;4001350.0;BTC-USD
779;2/18/2017;3.828;3.828;37.782;379.103;379.103;3209270.0;BTC-USD
780;2/19/2017;379.258;379.364;374.472;376.226;376.226;2701490.0;BTC-USD
781;2/20/2017;376.865;378.444;374.962;376.766;376.766;3128060.0;BTC-USD
782;2/21/2017;376.362;379.777;375.727;378.328;378.328;4110740.0;BTC-USD
783;2/22/2017;378.758;384.113;378.112;380.522;380.522;4547610.0;BTC-USD
784;2/23/2017;380.004;384.723;379.636;384.295;384.295;4096480.0;BTC-USD
785;2/24/2017;383.092;388.013;381.601;384.672;384.672;6921090.0;BTC-USD
786;2/25/2017;385.222;385.991;381.456;382.611;382.611;3581200.0;BTC-USD
787;2/26/2017;381.588;384.742;379.704;382.672;382.672;2688250.0;BTC-USD
788;2/27/2017;381.343;382.915;379.698;380.274;380.274;3766590.0;BTC-USD
789;2/28/2017;380.369;381.628;376.414;377.099;377.099;4045440.0;BTC-USD
790;3/1/2017;377.306;381.441;376.119;37.989;37.989;4405000.0;BTC-USD
791;3/2/2017;379.529;411.103;377.774;392.423;392.423;9439480.0;BTC-USD
792;3/3/2017;392.129;399.668;389.802;392.082;392.082;7515680.0;BTC-USD
793;3/4/2017;391.191;392.246;385.926;3.884;3.884;3361400.0;BTC-USD
794;3/5/2017;38.631;390.156;383.635;390.156;390.156;2836910.0;BTC-USD
795;3/6/2017;387.224;39.266;386.215;39.214;39.214;4393810.0;BTC-USD
796;3/7/2017;389.404;390.926;380.135;382.148;382.148;5619560.0;BTC-USD
797;3/8/2017;380.758;381.727;374.656;3.776;3.776;4594400.0;BTC-USD
798;3/9/2017;376.639;384.447;376.281;383.842;383.842;3092100.0;BTC-USD
799;3/10/2017;382.828;387.942;372.948;375.217;375.217;7090150.0;BTC-USD
800;3/11/2017;37.588;38.366;375.013;3.798;3.798;3463740.0;BTC-USD
801;3/12/2017;37.866;386.104;378.425;384.257;384.257;3373750.0;BTC-USD
802;3/13/2017;384.744;424.551;383.242;417.054;417.054;22439100.0;BTC-USD
803;3/14/2017;417.381;417.381;400.571;405.519;405.519;7928910.0;BTC-USD
804;3/15/2017;404.686;41.804;400.248;416.087;416.087;6571900.0;BTC-USD
805;3/16/2017;414.731;438.371;410.055;42.371;42.371;12755200.0;BTC-USD
806;3/17/2017;423.317;423.317;403.685;40.551;40.551;11109600.0;BTC-USD
807;3/18/2017;404.052;415.746;386.067;396.762;396.762;12199700.0;BTC-USD
808;3/19/2017;39.565;402.711;389.985;395.641;395.641;6013050.0;BTC-USD
809;3/20/2017;395.048;404.542;388.995;403.331;403.331;4068240.0;BTC-USD
810;3/21/2017;403.637;404.106;398.193;400.922;400.922;4970080.0;BTC-USD
811;3/22/2017;398.735;400.705;389.355;393.649;393.649;5949960.0;BTC-USD
812;3/23/2017;393.174;400.249;392.214;398.003;398.003;3354160.0;BTC-USD
813;3/24/2017;397.307;41.307;393.841;408.396;408.396;12524300.0;BTC-USD
814;3/25/2017;407.347;411.892;396.744;407.062;407.062;7904680.0;BTC-USD
815;3/26/2017;406.615;409.876;402.709;406.074;406.074;3911060.0;BTC-USD
816;3/27/2017;406.639;414.347;404.358;407.528;407.528;5162690.0;BTC-USD
817;3/28/2017;406.968;417.715;406.036;415.568;415.568;4297870.0;BTC-USD
818;3/29/2017;414.237;420.201;409.391;41.859;41.859;8479960.0;BTC-USD
819;3/30/2017;417.891;704.408;414.512;698.063;698.063;191251008.0;BTC-USD
820;3/31/2017;701.873;707.454;585.482;666.706;666.706;98922600.0;BTC-USD
821;4/1/2017;665.316;698.422;631.102;688.352;688.352;57711700.0;BTC-USD
822;4/2/2017;686.292;794.415;664.882;77.445;77.445;88560400.0;BTC-USD
823;4/3/2017;774.462;863.583;724.212;807.058;807.058;114179000.0;BTC-USD
824;4/4/2017;811.843;896.237;752.643;828.936;828.936;129208000.0;BTC-USD
825;4/5/2017;824.728;114.225;796.121;11.094;11.094;217834000.0;BTC-USD
826;4/6/2017;111.231;114.538;966.454;102.517;102.517;194300000.0;BTC-USD
827;4/7/2017;102.235;105.603;919.092;937.156;937.156;94765600.0;BTC-USD
828;4/8/2017;933.604;103.512;933.134;991.621;991.621;58489100.0;BTC-USD
829;4/9/2017;988.879;100.123;842.726;870.985;870.985;90963296.0;BTC-USD
830;4/10/2017;8.721;920.126;818.508;891.704;891.704;74425696.0;BTC-USD
831;4/11/2017;891.162;927.587;866.323;885.383;885.383;50700000.0;BTC-USD
832;4/12/2017;883.101;110.616;883.101;107.856;107.856;159255008.0;BTC-USD
833;4/13/2017;107.644;107.722;993.188;101.495;101.495;64187400.0;BTC-USD
834;4/14/2017;101.309;105.062;968.268;10.39;10.39;61137000.0;BTC-USD
835;4/15/2017;103.421;110.021;101.979;107.946;107.946;47922000.0;BTC-USD
836;4/16/2017;107.455;109.037;106.651;107.149;107.149;24321400.0;BTC-USD
837;4/17/2017;105.957;111.798;103.878;104.216;104.216;104055000.0;BTC-USD
838;4/18/2017;104.189;109.422;997.121;103.201;103.201;83183296.0;BTC-USD
839;4/19/2017;103.138;103.475;958.902;965.808;965.808;55784900.0;BTC-USD
840;4/20/2017;963.475;106.635;958.892;103.349;103.349;55828300.0;BTC-USD
841;4/21/2017;102.915;115.367;101.627;112.278;112.278;99012200.0;BTC-USD
842;4/22/2017;111.766;130.682;111.074;130.646;130.646;158914000.0;BTC-USD
843;4/23/2017;130.653;144.063;129.538;139.391;139.391;198452000.0;BTC-USD
844;4/24/2017;13.964;149.655;133.313;149.655;149.655;60177200.0;BTC-USD
845;4/25/2017;149.787;154.302;142.436;152.128;152.128;56668300.0;BTC-USD
846;4/26/2017;152.059;15.788;145.558;148.481;148.481;71308800.0;BTC-USD
847;4/27/2017;148.436;150.035;134.745;14.622;14.622;76208000.0;BTC-USD
848;4/28/2017;145.931;147.838;140.562;143.415;143.415;41067800.0;BTC-USD
849;4/29/2017;14.397;157.669;14.362;157.421;157.421;45713600.0;BTC-USD
850;4/30/2017;157.031;16.072.701;154.676;157.056;157.056;43929100.0;BTC-USD
851;5/1/2017;157.081;16.365.801;148.757;159.177;159.177;66989400.0;BTC-USD
852;5/2/2017;159.227;16.231.001;151.544;15.895;15.895;38692100.0;BTC-USD
853;5/3/2017;158.752;218.018;156.674;21.042.601;21.042.601;253440992.0;BTC-USD
854;5/4/2017;210.445;256.896;208.557;233.936;233.936;242912000.0;BTC-USD
855;5/5/2017;23.471.201;278.466;234.163;26.266.899;26.266.899;218948992.0;BTC-USD
856;5/6/2017;26.466.801;28.587.099;254.863;281.598;281.598;108083000.0;BTC-USD
857;5/7/2017;282.015;31.368.601;282.015;302.911;302.911;187718000.0;BTC-USD
858;5/8/2017;303.724;307.381;273.284;289.582;289.582;132650000.0;BTC-USD
859;5/9/2017;28.964.399;33.760.601;24.489.201;33.583;33.583;251516992.0;BTC-USD
860;5/10/2017;332.981;37.328.602;31.216.801;31.962.099;31.962.099;410465984.0;BTC-USD
861;5/11/2017;32.657.101;32.905.899;28.028.799;30.717.699;30.717.699;206136992.0;BTC-USD
862;5/12/2017;30.931.299;316.796;27.369.499;27.454.901;27.454.901;110569000.0;BTC-USD
863;5/13/2017;27.218.901;28.912.001;255.231;28.912.001;28.912.001;83564400.0;BTC-USD
864;5/14/2017;29.09;304.508;27.788.601;28.893;28.893;67853200.0;BTC-USD
865;5/15/2017;28.894.501;289.328;251.868;25.365.299;25.365.299;97147904.0;BTC-USD
866;5/16/2017;25.337.601;25.337.601;22.809.999;233.277;233.277;136875008.0;BTC-USD
867;5/17/2017;23.242.399;259.494;20.795.401;254.044;254.044;141118000.0;BTC-USD
868;5/18/2017;251.654;29.005.301;25.115.299;28.357.599;28.357.599;115830000.0;BTC-USD
869;5/19/2017;282.871;284.119;26.780.199;276.975;276.975;96923800.0;BTC-USD
870;5/20/2017;27.681.299;281.569;27.195.101;27.506.001;27.506.001;59065000.0;BTC-USD
871;5/21/2017;274.762;287.367;257.344;26.298.201;26.298.201;104882000.0;BTC-USD
872;5/22/2017;261.415;275.049;23.271;25.381.001;25.381.001;164828992.0;BTC-USD
873;5/23/2017;25.303.499;32.112.099;24.932.899;32.112.099;32.112.099;216875008.0;BTC-USD
874;5/24/2017;321.217;35.164.501;317.117;344.534;344.534;196292000.0;BTC-USD
875;5/25/2017;34.469.002;36.214.901;288.738;299.002;299.002;687651008.0;BTC-USD
876;5/26/2017;303.251;313.158;22.556.101;23.748.301;23.748.301;484254016.0;BTC-USD
877;5/27/2017;23.403.099;25.430.799;200.979;237.353;237.353;505424000.0;BTC-USD
878;5/28/2017;24.007.401;260.728;221.085;242.206;242.206;377039008.0;BTC-USD
879;5/29/2017;243.249;25.688;232.827;252.125;252.125;219796000.0;BTC-USD
880;5/30/2017;25.318.899;261.346;240.308;24.142;24.142;216944000.0;BTC-USD
881;5/31/2017;24.293.501;25.572.701;23.184.299;252.976;252.976;298675008.0;BTC-USD
882;6/1/2017;25.343.901;296.199;25.298.201;288.034;288.034;420472992.0;BTC-USD
883;6/2/2017;28.897.301;29.888.201;27.743;289.447;289.447;332251008.0;BTC-USD
884;6/3/2017;29.036.301;29.169.399;26.626.101;27.660.999;27.660.999;290556000.0;BTC-USD
885;6/4/2017;27.650.299;27.939.301;26.945.499;27.939.301;27.939.301;204435008.0;BTC-USD
886;6/5/2017;28.09;30.992.901;28.09;308.433;308.433;366900992.0;BTC-USD
887;6/6/2017;308.407;31.331.699;292.579;30.551.001;30.551.001;321099008.0;BTC-USD
888;6/7/2017;30.568.701;306.849;28.374.201;28.394.699;28.394.699;264596992.0;BTC-USD
889;6/8/2017;283.813;303.426;27.879.999;30.211.901;30.211.901;229004992.0;BTC-USD
890;6/9/2017;301.873;305.893;296.234;29.681.601;29.681.601;176840992.0;BTC-USD
891;6/10/2017;296.845;305.888;296.619;304.417;304.417;202679008.0;BTC-USD
892;6/11/2017;305.009;33.560.699;301.595;33.216.301;33.216.301;406217984.0;BTC-USD
893;6/12/2017;33.230.499;33.230.499;278.022;295.035;295.035;372663008.0;BTC-USD
894;6/13/2017;294.916;306.429;29.332.001;306.429;306.429;150455008.0;BTC-USD
895;6/14/2017;30.739;32.062.801;293.169;30.224.701;30.224.701;278323008.0;BTC-USD
896;6/15/2017;30.215.401;303.748;273.127;302.201;302.201;314502016.0;BTC-USD
897;6/16/2017;302.791;357.005;295.539;357.005;357.005;515972992.0;BTC-USD
898;6/17/2017;36.183.899;49.299.599;36.183.899;47.645.901;47.645.901;1730780032.0;BTC-USD
899;6/18/2017;474.422;474.422;424.258;46.041.599;46.041.599;1016220032.0;BTC-USD
900;6/19/2017;46.161.999;53.550.999;44.987.099;503.209;503.209;1342360064.0;BTC-USD
901;6/20/2017;50.409;51.469.101;45.750.301;472.164;472.164;612934976.0;BTC-USD
902;6/21/2017;472.952;49.728.298;44.215.801;47.787.498;47.787.498;640054016.0;BTC-USD
903;6/22/2017;477.188;488.517;458.699;47.712.898;47.712.898;445323008.0;BTC-USD
904;6/23/2017;47.747.799;484.235;47.273.899;47.335.499;47.335.499;284270016.0;BTC-USD
905;6/24/2017;472.467;47.443.298;440.116;44.491.798;44.491.798;321214016.0;BTC-USD
906;6/25/2017;444.907;46.215.302;43.054.298;439.244;439.244;354372000.0;BTC-USD
907;6/26/2017;44.036.999;443.452;37.549.599;41.131.802;41.131.802;538072000.0;BTC-USD
908;6/27/2017;41.131.302;413.885;36.199.501;405.415;405.415;565265024.0;BTC-USD
909;6/28/2017;40.816.002;43.613.701;391.777;42.849.499;42.849.499;353444000.0;BTC-USD
910;6/29/2017;42.830.101;42.830.101;40.352.901;410.653;410.653;300131008.0;BTC-USD
911;6/30/2017;41.042.999;417.467;40.174;40.354.301;40.354.301;251184000.0;BTC-USD
912;7/1/2017;40.404.099;405.783;384.716;38.988.201;38.988.201;225507008.0;BTC-USD
913;7/2/2017;389.492;43.266.899;378.046;415.676;415.676;315630016.0;BTC-USD
914;7/3/2017;414.785;484.039;409.706;46.425.201;46.425.201;729937984.0;BTC-USD
915;7/4/2017;46.562.599;554.244;46.562.599;553.344;553.344;1101750016.0;BTC-USD
916;7/5/2017;55.274.899;56.034.698;50.596.001;531.945;531.945;790609024.0;BTC-USD
917;7/6/2017;53.195.499;53.195.499;50.115.101;51.130.299;51.130.299;461148992.0;BTC-USD
918;7/7/2017;51.101.501;51.136.002;456.325;465.755;465.755;553712000.0;BTC-USD
919;7/8/2017;46.639.301;52.745.098;44.670.101;521.385;521.385;604987008.0;BTC-USD
920;7/9/2017;52.363.701;533.088;49.527;49.580.502;49.580.502;409244000.0;BTC-USD
921;7/10/2017;49.908.798;50.534.801;44.737;46.576.401;46.576.401;373252992.0;BTC-USD
922;7/11/2017;462.742;473.894;436.451;45.330.799;45.330.799;400044992.0;BTC-USD
923;7/12/2017;45.255.901;49.070.499;440.653;48.751.202;48.751.202;369964000.0;BTC-USD
924;7/13/2017;487.234;49.049.301;45.389.301;46.327.801;46.327.801;229104992.0;BTC-USD
925;7/14/2017;463.592;46.477.699;40.801.998;428.027;428.027;320419008.0;BTC-USD
926;7/15/2017;42.805.302;42.805.302;37.778.599;38.923.901;38.923.901;327332000.0;BTC-USD
927;7/16/2017;38.921.001;41.969.299;363.848;40.912.899;40.912.899;393366016.0;BTC-USD
928;7/17/2017;41.189.201;43.073.002;40.172.298;42.669.701;42.669.701;355036000.0;BTC-USD
929;7/18/2017;42.623.001;45.330.399;414.673;44.302.399;44.302.399;380816000.0;BTC-USD
930;7/19/2017;44.347.401;444.188;40.560.799;40.864.399;40.864.399;246376992.0;BTC-USD
931;7/20/2017;40.955.399;45.447.498;40.955.399;45.015.701;45.015.701;354801984.0;BTC-USD
932;7/21/2017;45.068.501;47.447.498;445.215;45.763;45.763;286020000.0;BTC-USD
933;7/22/2017;45.772.999;46.798.698;454.529;465.583;465.583;132333000.0;BTC-USD
934;7/23/2017;46.628.201;46.639.702;42.936.001;44.055.901;44.055.901;219256992.0;BTC-USD
935;7/24/2017;44.159.599;44.811.501;43.287.701;44.405.499;44.405.499;158532000.0;BTC-USD
936;7/25/2017;44.482.899;44.788.799;41.067.299;42.241.299;42.241.299;206307008.0;BTC-USD
937;7/26/2017;42.287.998;42.698.601;40.625.702;42.229.698;42.229.698;121389000.0;BTC-USD
938;7/27/2017;42.353.199;42.619.499;41.389.301;42.139.801;42.139.801;81714000.0;BTC-USD
939;7/28/2017;42.216.202;42.470.299;35.941.502;40.614.601;40.614.601;137556000.0;BTC-USD
940;7/29/2017;40.558.899;41.341.202;38.743.999;41.115.501;41.115.501;109945000.0;BTC-USD
941;7/30/2017;41.184.502;41.817.699;40.062;40.422.001;40.422.001;75746704.0;BTC-USD
942;7/31/2017;40.340.302;44.033.401;38.947.701;43.022.701;43.022.701;240820992.0;BTC-USD
943;8/1/2017;43.019.299;43.77;41.084.999;43.036.301;43.036.301;203656000.0;BTC-USD
944;8/2/2017;43.074.902;43.206.299;420.667;42.132.198;42.132.198;103557000.0;BTC-USD
945;8/3/2017;42.193.001;431.674;42.132.801;428.615;428.615;95497600.0;BTC-USD
946;8/4/2017;42.893.501;437.131;42.821.499;43.449.699;43.449.699;114810000.0;BTC-USD
947;8/5/2017;43.486;46.916.599;43.476.002;46.859.001;46.859.001;248320000.0;BTC-USD
948;8/6/2017;46.845.001;473.013;45.098.598;45.103.001;45.103.001;147891008.0;BTC-USD
949;8/7/2017;451.717;46.484.001;45.123.798;45.795.502;45.795.502;106560000.0;BTC-USD
950;8/8/2017;45.898.102;49.368.301;45.794.102;48.631.901;48.631.901;205564992.0;BTC-USD
951;8/9/2017;485.867;50.226.398;47.164.299;48.011.902;48.011.902;253103008.0;BTC-USD
952;8/10/2017;480.494;48.507;46.499.802;46.499.802;46.499.802;121661000.0;BTC-USD
953;8/11/2017;464.049;47.327.301;464.049;470.994;470.994;137644000.0;BTC-USD
954;8/12/2017;47.050.598;47.623.501;46.285.801;46.433.899;46.433.899;142064992.0;BTC-USD
955;8/13/2017;46.568.699;480.728;44.325.901;45.812.801;45.812.801;242564992.0;BTC-USD
956;8/14/2017;45.832.298;46.510.899;45.431.198;45.804.501;45.804.501;114402000.0;BTC-USD
957;8/15/2017;45.813.499;45.835.701;422.943;43.306.499;43.306.499;206080992.0;BTC-USD
958;8/16/2017;43.371.899;450.564;42.570.301;44.151.199;44.151.199;120765000.0;BTC-USD
959;8/17/2017;44.178.799;44.832.001;43.784.199;439.146;439.146;104020000.0;BTC-USD
960;8/18/2017;43.897.202;47.859.501;435.909;47.281.399;47.281.399;293350016.0;BTC-USD
961;8/19/2017;47.054.298;47.081.699;43.782.001;45.48;45.48;155404000.0;BTC-USD
962;8/20/2017;45.376.202;47.546.101;44.751.499;46.230.999;46.230.999;138850000.0;BTC-USD
963;8/21/2017;461.898;48.747.601;45.621.399;47.936.001;47.936.001;207172000.0;BTC-USD
964;8/22/2017;47.895.199;47.895.199;45.476.398;467.271;467.271;163104000.0;BTC-USD
965;8/23/2017;467.136;547.799;46.483.601;532.481;532.481;447188000.0;BTC-USD
966;8/24/2017;52.824.402;53.280.399;501.856;501.856;501.856;391342016.0;BTC-USD
967;8/25/2017;50.172.298;521.348;49.842.098;511.768;511.768;157619008.0;BTC-USD
968;8/26/2017;51.165.798;522.603;504.524;51.749.599;51.749.599;126024000.0;BTC-USD
969;8/27/2017;51.804.798;64.442.299;516.385;61.158.798;61.158.798;890545984.0;BTC-USD
970;8/28/2017;613.634;64.919.998;59.867.599;62.355.499;62.355.499;556636992.0;BTC-USD
971;8/29/2017;623.946;63.286.301;61.257.301;63.167;63.167;294799008.0;BTC-USD
972;8/30/2017;63.163.799;64.213.699;60.897.301;64.169.296;64.169.296;240308992.0;BTC-USD
973;8/31/2017;64.158.203;72.280.701;64.040.398;71.055.099;71.055.099;633147008.0;BTC-USD
974;9/1/2017;70.856.102;87.405.899;70.005.402;86.039.703;86.039.703;1551740032.0;BTC-USD
975;9/2/2017;85.829.903;92.065.201;72.226.501;790.243;790.243;1363990016.0;BTC-USD
976;9/3/2017;78.979.897;82.829.803;73.608.498;76.843.002;76.843.002;675462016.0;BTC-USD
977;9/4/2017;76.732.101;76.732.101;61.243.698;65.205.803;65.205.803;922041024.0;BTC-USD
978;9/5/2017;65.251.297;72.443.703;59.049.999;712.948;712.948;1016089984.0;BTC-USD
979;9/6/2017;71.777.298;80.639;71.513.901;80.114.304;80.114.304;830718016.0;BTC-USD
980;9/7/2017;79.877.998;81.055;75.590.897;78.484.299;78.484.299;526828992.0;BTC-USD
981;9/8/2017;78.452.797;80.126.099;63.829.899;677.948;677.948;930673024.0;BTC-USD
982;9/9/2017;672.127;69.553.802;64.009.102;66.009.102;66.009.102;467895008.0;BTC-USD
983;9/10/2017;65.802.803;65.951.202;570.644;61.613.499;61.613.499;529848000.0;BTC-USD
984;9/11/2017;61.646.599;67.232.498;61.371.498;66.039.902;66.039.902;412076000.0;BTC-USD
985;9/12/2017;662.388;70.252.998;638.633;64.233.704;64.233.704;481217984.0;BTC-USD
986;9/13/2017;64.321.602;64.597;58.934.799;61.730.099;61.730.099;501521984.0;BTC-USD
987;9/14/2017;616.422;62.426.701;41.248.501;415.849;415.849;749713984.0;BTC-USD
988;9/15/2017;41.685.001;50.647.701;32.030.998;48.212.601;48.212.601;1554339968.0;BTC-USD
989;9/16/2017;481.334;52.829.201;46.464.901;48.258.301;48.258.301;562278016.0;BTC-USD
990;9/17/2017;482.304;49.881.802;45.124.802;484.902;484.902;245262000.0;BTC-USD
991;9/18/2017;48.530.201;55.614.899;48.530.201;55.525.398;55.525.398;408675008.0;BTC-USD
992;9/19/2017;55.683.601;55.883.301;51.047.798;528.353;528.353;286583008.0;BTC-USD
993;9/20/2017;527.449;53.829.899;51.251.301;51.733.799;51.733.799;160252000.0;BTC-USD
994;9/21/2017;51.663.601;52.314.201;456.674;46.605.801;46.605.801;229363008.0;BTC-USD
995;9/22/2017;46.652.699;49.092.098;45.188.999;48.090.302;48.090.302;218134000.0;BTC-USD
996;9/23/2017;48.157.101;49.789.501;46.687;49.271.599;49.271.599;142072992.0;BTC-USD
997;9/24/2017;49.250.099;492.687;475.186;47.618.301;47.618.301;82147104.0;BTC-USD
998;9/25/2017;476.199;524.389;47.571.701;51.580.101;51.580.101;208640992.0;BTC-USD
999;9/26/2017;51.687.901;53.702.499;51.077;51.546.799;51.546.799;173663008.0;BTC-USD
1000;9/27/2017;51.576.199;565.406;51.576.199;562.831;562.831;220363008.0;BTC-USD
